Transaction_id,Amount,Sender_account,Initial_balance_p1,new_balance_1,Recipient_account,Initial_balance_p2,new_balance_2,isFraud,isFlaggedFraud,Transaction_Date,Transaction_Time,Coordinates,ip_addresses
,9839.64,,170136,160296.36,,0,0,0,0,06-06-24,00:34:36,"(43.550740883275296, -141.72974723173664)",15.246.64.212
,1864.28,,21249,19384.72,,0,0,0,0,16-07-24,19:13:41,"(78.74630788793377, -2.8864833917104136)",29.13.180.155
,181,,181,0,,0,0,1,0,24-02-24,07:29:34,"(-48.70562123207855, 3.433940326483139)",132.7.36.190
,181,,181,0,,21182,0,1,0,30-12-24,04:48:05,"(-54.63748785685925, 60.509022769098294)",153.105.24.95
,11668.14,,41554,29885.86,,0,0,0,0,17-04-24,05:54:56,"(-57.96291770179832, -99.23770861640779)",161.203.207.51
,7817.71,,53860,46042.29,,0,0,0,0,25-09-24,11:26:13,"(21.923751935157796, 135.6968762975912)",141.227.154.31
,7107.77,,183195,176087.23,,0,0,0,0,28-04-24,18:29:42,"(-83.83903479292408, -136.8807093894966)",18.151.66.37
,7861.64,,176087.23,168225.59,,0,0,0,0,27-02-24,13:05:46,"(-25.95184756465001, 79.06697397817305)",104.9.12.103
,4024.36,,2671,0,,0,0,0,0,13-04-24,11:26:05,"(67.30427834734033, 64.66394988831104)",139.50.143.112
,5337.77,,41720,36382.23,,41898,40348.79,0,0,02-07-24,15:49:31,"(34.92976887714575, -63.005535432983436)",98.145.54.164
,9644.94,,4465,0,,10845,157982.12,0,0,27-12-24,04:59:39,"(11.91283240755645, 3.387259285995526)",223.62.15.94
,3099.97,,20771,17671.03,,0,0,0,0,09-07-24,11:21:47,"(2.7522486728033897, -22.36985257847155)",85.19.102.152
,2560.74,,5070,2509.26,,0,0,0,0,06-03-24,07:58:46,"(59.20416324687318, -53.860230808879294)",188.40.26.7
,11633.76,,10127,0,,0,0,0,0,19-09-24,01:55:17,"(-38.30597737893641, -53.104889095680974)",223.35.53.232
,4098.78,,503264,499165.22,,0,0,0,0,02-04-24,22:27:44,"(-7.946287657954471, -36.681003962813605)",212.65.97.92
,229133.94,,15325,0,,5083,51513.44,0,0,26-02-24,02:08:48,"(-36.407480217248846, -23.829294622202582)",146.144.129.207
,1563.82,,450,0,,0,0,0,0,11-08-24,11:34:35,"(-63.74564374654207, 52.849040146310585)",158.199.187.170
,1157.86,,21156,19998.14,,0,0,0,0,20-12-24,06:20:24,"(33.11658148761086, -157.93104718155328)",175.168.113.148
,671.64,,15123,14451.36,,0,0,0,0,22-05-24,16:11:05,"(76.430935590519, 78.06634013067105)",195.248.132.102
,215310.3,,705,0,,22425,0,0,0,12-08-24,08:54:42,"(44.77014280094747, 153.20066316434327)",196.229.13.139
,1373.43,,13854,12480.57,,0,0,0,0,10-05-24,20:15:41,"(-3.9584436995296812, 144.66978060899424)",136.229.131.116
,9302.79,,11299,1996.21,,29832,16896.7,0,0,29-02-24,13:55:39,"(20.265111433428658, 144.91781824748892)",11.227.102.22
,1065.41,,1817,751.59,,10330,0,0,0,04-12-24,02:44:37,"(-14.138827854238642, -58.989143246855775)",54.96.204.248
,3876.41,,67852,63975.59,,0,0,0,0,23-10-24,06:17:57,"(-59.34905714995439, -9.307417304839419)",29.169.189.191
,311685.89,,10835,0,,6267,2719172.89,0,0,08-02-24,14:49:13,"(-8.489971153353167, 154.80804767109885)",141.114.125.174
,6061.13,,443,0,,0,0,0,0,18-01-24,21:58:13,"(-65.04316899416779, -42.24187269795769)",121.227.40.83
,9478.39,,116494,107015.61,,0,0,0,0,14-04-24,10:13:41,"(82.77237356007072, 54.617423619017956)",107.202.64.7
,8009.09,,10968,2958.91,,0,0,0,0,10-01-24,19:56:41,"(46.821325845373565, -83.42879293281564)",139.72.244.11
,8901.99,,2958.91,0,,0,0,0,0,18-07-24,03:49:39,"(22.761418222187388, 142.57586104537137)",30.189.154.186
,9920.52,,0,0,,0,0,0,0,09-11-24,00:59:43,"(-4.391076186234272, 149.24439923373984)",110.43.93.211
,3448.92,,0,0,,0,0,0,0,01-11-24,03:17:27,"(-87.91233908229447, -133.60036444999605)",85.8.122.252
,4206.84,,0,0,,0,0,0,0,26-01-24,09:01:38,"(-51.453470200210816, 166.51938284129437)",42.187.130.71
,5885.56,,0,0,,0,0,0,0,03-07-24,08:44:56,"(-2.6425558816733883, 165.31717863340356)",202.219.89.143
,5307.88,,0,0,,0,0,0,0,22-02-24,16:20:34,"(-19.66002068555099, 150.9769967215292)",198.45.64.117
,5031.22,,0,0,,0,0,0,0,18-12-24,17:27:33,"(-17.71055965844998, -167.78070541528905)",44.108.40.62
,24213.67,,0,0,,0,0,0,0,29-03-24,21:32:46,"(45.90905978376239, 89.42027156023062)",30.133.220.102
,8603.42,,253,0,,0,0,0,0,29-01-24,06:58:37,"(-13.95493965555201, 37.97722091528226)",187.55.244.90
,2791.42,,300481,297689.58,,0,0,0,0,28-05-24,15:56:22,"(-58.41621520037706, 57.95188649081712)",115.39.203.117
,7413.54,,297689.58,290276.03,,0,0,0,0,07-09-24,13:14:52,"(-75.0390411865968, 63.024434214186215)",74.183.127.131
,3295.19,,233633,230337.81,,0,0,0,0,22-03-24,05:08:27,"(-80.960003132811, -98.2244772642371)",1.105.134.20
,1684.81,,297,0,,0,0,0,0,25-02-24,07:07:38,"(-57.60106721281073, -47.29566339592708)",165.106.61.193
,5758.59,,32604,26845.41,,209699,16997.22,0,0,24-09-24,14:22:27,"(3.1176152236553776, 23.468383359085777)",140.43.199.12
,110414.71,,26845.41,0,,288800,2415.16,0,0,07-04-24,03:26:02,"(28.824181010810463, 62.72815629599381)",168.12.41.246
,7823.46,,998,0,,0,0,0,0,23-11-24,20:59:02,"(-32.34388720131099, -36.75132060265497)",176.185.75.8
,5086.48,,0,0,,0,0,0,0,25-05-24,05:03:00,"(22.07689034739751, -52.07976271978802)",53.182.190.74
,5281.48,,152019,146737.52,,0,0,0,0,14-07-24,14:40:31,"(-64.81728145887315, -72.164265517404)",133.240.27.128
,13875.98,,15818,1942.02,,0,0,0,0,08-02-24,07:28:42,"(62.62285802976862, -143.74087193501566)",206.235.63.168
,56953.9,,1942.02,0,,70253,64106.18,0,0,23-06-24,14:55:07,"(85.48389915612893, 41.845917796264075)",95.25.208.81
,5346.89,,0,0,,652637,6453430.91,0,0,10-08-24,17:10:43,"(-47.115526766431564, -133.7147830629307)",183.225.255.196
,2204.04,,586,0,,0,0,0,0,12-08-24,17:11:15,"(75.09257681032346, -158.04391104482423)",83.57.138.212
,2641.47,,23053,20411.53,,0,0,0,0,01-03-24,01:19:32,"(57.6093266344827, 93.89010318016068)",190.89.97.6
,23261.3,,20411.53,0,,25742,0,0,0,16-11-24,17:27:56,"(88.30939816219046, 153.6978452261892)",188.197.129.165
,2330.64,,203543,201212.36,,0,0,0,0,24-05-24,02:33:28,"(-1.333568683516333, 46.80987731643265)",215.41.56.75
,1614.64,,41276,39661.36,,0,0,0,0,02-03-24,03:44:06,"(-72.72374456582874, 99.33294637919437)",163.171.187.41
,9164.71,,47235.77,38071.06,,0,0,0,0,26-04-24,06:04:31,"(-0.13726508557276418, -7.261711724662206)",84.90.75.27
,2970.97,,38071.06,35100.09,,0,0,0,0,29-11-24,09:57:41,"(50.60029635395796, -95.92204978961942)",22.3.120.115
,38.66,,16174,16135.34,,0,0,0,0,10-07-24,03:57:21,"(62.15279490934793, 171.1571594853507)",47.8.122.88
,2252.44,,1627,0,,0,0,0,0,02-07-24,22:53:45,"(-7.242062208091781, 11.74569763802944)",5.241.247.114
,62610.8,,79114,16503.2,,517,8383.29,0,0,08-10-24,20:53:44,"(75.46391260399969, 89.28395317520261)",144.92.74.196
,5529.13,,8547,3017.87,,10206,0,0,0,15-08-24,03:15:27,"(31.872622004826397, 105.0919527170409)",91.242.179.60
,82940.31,,3017.87,0,,132372,49864.36,0,0,28-09-24,22:26:07,"(36.583713964010826, -157.8728658893451)",94.197.205.64
,4510.22,,10256,5745.78,,10697,0,0,0,13-08-24,12:14:37,"(-86.21646795907824, 36.23991029396893)",191.111.246.164
,8727.74,,882770,874042.26,,12636,0,0,0,29-01-24,04:53:46,"(23.710811851548428, -98.72019349164819)",159.17.222.223
,2599.46,,874042.26,871442.79,,0,0,0,0,30-06-24,05:39:10,"(-24.252459587321965, -143.19671560504528)",80.84.175.86
,4874.49,,153,0,,253104,0,0,0,14-06-24,09:20:37,"(14.74064964029806, -114.15117196295398)",93.116.170.91
,6440.78,,2192,0,,0,0,0,0,06-02-24,23:28:21,"(-10.7421166744585, 99.01207363471093)",181.246.140.81
,4910.14,,41551,36640.86,,0,0,0,0,02-01-24,07:08:38,"(22.40390716446032, -92.06950070624475)",57.175.202.219
,6444.64,,12019,5574.36,,0,0,0,0,08-05-24,19:45:05,"(21.69501402580316, -94.16422104384412)",137.59.107.20
,5149.66,,4782,0,,52752,24044.18,0,0,19-12-24,19:26:47,"(23.723544126058044, -121.04927170715415)",108.106.190.197
,7292.16,,216827,209534.84,,0,0,0,0,15-12-24,20:21:12,"(-53.96109249732533, 26.418256238482)",19.205.248.125
,47458.86,,209534.84,162075.98,,52120,0,0,0,26-12-24,03:50:57,"(-57.74170484710589, -166.38632070653716)",60.73.150.247
,136872.92,,162075.98,25203.05,,217806,0,0,0,23-01-24,11:35:21,"(0.24454985170508792, 35.10986110225829)",79.218.148.149
,94253.33,,25203.05,0,,99773,965870.05,0,0,16-12-24,00:30:44,"(-21.42632099294738, 121.62839992351354)",42.67.156.152
,2998.04,,12030,9031.96,,0,0,0,0,07-08-24,02:09:12,"(-53.984291342367655, -97.21073288572602)",37.119.245.164
,3454.08,,9031.96,5577.88,,0,0,0,0,13-07-24,23:38:20,"(-18.27112631063231, 104.1377170986525)",214.12.87.138
,4316.2,,10999,6682.8,,0,0,0,0,05-09-24,20:17:33,"(-38.31251784790069, -24.594736097604965)",140.31.101.16
,2131.84,,224,0,,0,0,0,0,07-11-24,12:40:39,"(6.531556511834893, -79.77067488655881)",148.182.127.65
,12986.61,,23350,10363.39,,0,0,0,0,05-08-24,12:26:30,"(-11.840641327317883, 62.872950812201935)",37.126.119.223
,42712.39,,10363.39,0,,57901.66,24044.18,0,0,22-09-24,23:07:31,"(-62.38467373554353, -12.076394577219276)",91.37.29.218
,77957.68,,0,0,,94900,22233.65,0,0,02-02-24,16:38:47,"(-69.75263203258001, 5.386079544326805)",196.143.192.33
,17231.46,,0,0,,24672,0,0,0,19-02-24,05:28:56,"(48.31737052260519, 48.07704857624856)",163.39.162.245
,78766.03,,0,0,,103772,277515.05,0,0,22-09-24,10:34:25,"(-65.34226535235898, 10.781864251214472)",172.218.155.160
,224606.64,,0,0,,354678.92,0,0,0,25-09-24,06:16:50,"(81.31360722532511, 61.169323893966265)",95.206.31.84
,125872.53,,0,0,,348512,3420103.09,0,0,12-06-24,15:32:05,"(-57.649079520543225, -161.8067976094671)",146.247.108.229
,379856.23,,0,0,,900180,19169204.93,0,0,10-05-24,09:21:04,"(63.930906212084324, -87.41199975363062)",156.213.192.72
,1505626.01,,0,0,,29031,5515763.34,0,0,25-04-24,13:27:25,"(26.97273089098219, 150.35928282282214)",36.38.255.66
,554026.99,,0,0,,579285.56,0,0,0,13-11-24,07:37:57,"(-61.80139680681792, 24.875399865074627)",199.82.7.156
,147543.1,,0,0,,223220,16518.36,0,0,12-11-24,02:05:28,"(-76.15777602000341, 174.78747205167502)",129.210.150.224
,761507.39,,0,0,,1280036.23,19169204.93,0,0,21-06-24,12:33:58,"(80.52800199700386, 145.76063673625157)",106.42.233.50
,1429051.47,,0,0,,2041543.62,19169204.93,0,0,12-11-24,18:40:57,"(-72.05045446243584, 60.427293963992696)",49.56.188.81
,358831.92,,0,0,,474384.53,3420103.09,0,0,21-12-24,22:53:53,"(-48.63140045144909, 133.78597129432438)",36.64.198.31
,367768.4,,0,0,,370763.1,16518.36,0,0,08-12-24,13:50:40,"(79.79350874929753, 44.49426266787174)",202.149.243.60
,209711.11,,0,0,,399214.71,2415.16,0,0,15-04-24,08:32:08,"(-25.897642366291237, -63.377425158323874)",25.43.189.132
,583848.46,,0,0,,667778,2107778.11,0,0,25-12-24,11:29:18,"(44.06198900542222, -110.51541283894858)",21.210.157.41
,1724887.05,,0,0,,3470595.1,19169204.93,0,0,23-06-24,08:08:00,"(-46.6288258798564, 46.413892664004464)",58.166.146.58
,710544.77,,0,0,,738531.5,16518.36,0,0,15-08-24,17:01:08,"(20.605300420538725, 49.614269022725864)",191.233.57.228
,581294.26,,0,0,,5195482.15,19169204.93,0,0,11-02-24,22:48:22,"(-35.92126783660027, -143.51430651127438)",46.102.228.17
,11996.58,,0,0,,40255,0,0,0,06-10-24,18:27:53,"(-62.6133885633616, -124.3441284983449)",46.16.140.194
,2875.1,,15443,12567.9,,0,0,0,0,17-05-24,09:02:27,"(-1.636843439454978, -158.67119636248043)",179.98.106.52
,8586.98,,3763,0,,0,0,0,0,08-05-24,09:44:23,"(42.68083992414171, 117.54910803156241)",149.94.182.158
,871.75,,19869,18997.25,,0,0,0,0,22-03-24,14:02:21,"(-28.830239306390226, 76.84460040377922)",14.14.215.225
,1035.36,,71636,70600.64,,0,0,0,0,29-10-24,23:11:27,"(22.25095905862274, -89.5101802601157)",201.76.46.197
,1063.53,,83084,82020.47,,0,0,0,0,08-06-24,01:01:32,"(28.69113082990266, 94.05486073083233)",202.0.116.57
,1019.9,,204237,203217.1,,0,0,0,0,28-03-24,08:21:05,"(23.58317174680336, -140.9745641407737)",155.222.138.36
,4059.38,,26304,22244.62,,0,0,0,0,28-12-24,06:45:52,"(57.92169662353194, 113.1017967077554)",8.99.158.142
,1876.44,,182,0,,0,0,0,0,24-11-24,03:16:40,"(-1.0154801522942165, -9.193187461594874)",171.172.109.175
,28404.6,,0,0,,51744,0,0,0,13-02-24,08:56:58,"(39.320856109200435, 41.31690325317757)",105.90.87.252
,75405.1,,0,0,,104209,46462.23,0,0,20-06-24,02:16:16,"(-29.332045435175395, -63.41826851420454)",149.201.237.161
,50101.88,,0,0,,67684,9940339.29,0,0,21-05-24,10:32:46,"(-16.8472367902573, 142.64062893273478)",220.128.101.42
,14121.82,,0,0,,52679,10963.66,0,0,21-02-24,09:26:04,"(70.85328363787553, -11.040583745533468)",139.29.104.112
,78292.91,,0,0,,121112,95508.95,0,0,08-12-24,16:16:54,"(73.212877496181, -137.79959738204013)",64.56.213.101
,176149.9,,0,0,,259813,46820.71,0,0,10-01-24,09:44:46,"(29.256836389190667, -156.6819776514794)",25.53.112.237
,212228.35,,0,0,,429747,1178808.14,0,0,15-06-24,05:44:49,"(47.217415677485945, 30.128451943868697)",21.114.84.116
,85423.63,,0,0,,5776776.41,19169204.93,0,0,02-06-24,17:12:23,"(27.454807462651246, 65.65680987904219)",118.95.221.83
,11648.5,,0,0,,260976,971418.91,0,0,24-03-24,11:10:38,"(-44.45982023107779, 84.79636969474586)",144.182.176.29
,6165.58,,20925,14759.42,,0,0,0,0,16-11-24,02:12:13,"(-45.43689431696574, 151.86494383738994)",3.217.243.4
,3705.83,,41903.46,38197.63,,0,0,0,0,09-09-24,16:28:45,"(-38.46115226421197, 41.861123768093194)",19.154.20.13
,419801.4,,38197.63,0,,499962,1517262.16,0,0,24-02-24,10:10:55,"(88.84714763614662, -178.03706563430364)",139.94.104.56
,335416.51,,144478,0,,295,52415.15,0,0,22-12-24,14:40:03,"(22.615052269837605, -179.46747073881204)",96.101.30.41
,3372.29,,41398,38025.71,,0,0,0,0,04-02-24,08:34:39,"(79.26675607966101, -79.37918982830081)",90.72.13.209
,661.43,,14078,13416.57,,0,0,0,0,26-04-24,19:41:36,"(42.419535612193954, -127.93825161197151)",2.31.205.11
,864.68,,69836,68971.32,,12040,43691.09,0,0,15-06-24,12:18:23,"(80.9432353949208, -141.32802175789553)",190.200.187.190
,1203.44,,29941,28737.56,,0,0,0,0,29-07-24,04:58:24,"(87.12117373533249, 73.5279471159856)",65.112.44.120
,330757.04,,103657,0,,79676,1254956.07,0,0,08-12-24,05:26:25,"(43.47637004241642, -99.32936159805014)",33.74.221.82
,1915.43,,11450,9534.57,,0,0,0,0,14-08-24,00:56:12,"(46.703068495506585, 24.84880652858726)",136.241.34.77
,8.73,,81313,81304.27,,0,0,0,0,28-04-24,12:34:57,"(-86.6430065761147, -31.899417703378475)",188.135.193.74
,3058.8,,18138,15079.2,,11054,8917.54,0,0,11-05-24,20:54:53,"(13.089665642348422, -92.67642948078024)",136.125.86.185
,5154.97,,9476,4321.03,,0,0,0,0,21-06-24,02:18:22,"(85.81460755514004, 48.64778832693932)",83.43.85.214
,5213.25,,36380,31166.75,,0,0,0,0,19-05-24,05:40:01,"(-70.98682222081706, 123.67108873679047)",121.30.68.142
,5392.75,,50757,45364.25,,0,0,0,0,24-08-24,06:33:52,"(-33.6317098559001, -29.58145163305278)",151.185.220.144
,25.12,,61663,61637.88,,0,0,0,0,02-11-24,06:23:09,"(2.8389928629278955, 56.16060247416783)",86.166.82.192
,17150.89,,61637.88,44486.99,,0,0,0,0,10-10-24,14:17:34,"(9.18379749981014, 158.4217457811057)",71.159.194.158
,679502.24,,290,0,,171866,3940085.21,0,0,08-03-24,21:22:27,"(-59.78549408165541, -34.6210294958762)",127.222.155.188
,177652.91,,23720,0,,55,4894.45,0,0,09-10-24,12:23:16,"(-21.225575845591834, -69.28253630566527)",2.153.88.149
,5443.26,,236997,231553.74,,0,0,0,0,27-10-24,06:53:47,"(-49.4909826990936, 176.16027388900596)",41.19.192.38
,244.87,,257978.49,257733.62,,0,0,0,0,26-02-24,18:50:29,"(-27.285120708309144, 163.54615458782956)",91.39.59.163
,8281.57,,257733.62,249452.05,,0,0,0,0,29-11-24,02:26:41,"(-43.14928766985224, -26.655720986724333)",36.237.240.18
,1175.59,,20509,19333.41,,0,0,0,0,22-01-24,18:06:23,"(-65.99940584994643, 129.2802407142549)",162.196.98.61
,1097.74,,24866,23768.26,,0,0,0,0,19-08-24,11:24:49,"(-49.12082008761375, 141.7725704253707)",202.144.142.41
,184986.8,,39588,0,,52340,97263.78,0,0,24-07-24,10:37:49,"(30.494648649155465, -4.220742646832576)",197.150.17.168
,1718.29,,117811,116092.71,,0,0,0,0,20-08-24,21:28:28,"(-52.80005983572625, 117.1876652268769)",120.184.100.61
,3671.32,,100094,96422.68,,0,0,0,0,21-04-24,22:19:36,"(-28.431268192540898, 88.34170283738712)",23.29.19.74
,3580.26,,2565,0,,21185,18910.85,0,0,25-03-24,08:00:51,"(74.95389571539522, 14.846065770957864)",48.247.118.200
,8550.9,,40060,31509.1,,0,0,0,0,01-05-24,22:26:01,"(37.46979120124436, 38.34014263891177)",133.191.35.205
,9753.55,,60829,51075.45,,0,0,0,0,03-06-24,10:43:57,"(-43.35164691303409, 68.3410898097016)",136.36.5.9
,3026.98,,31139,28112.02,,0,0,0,0,14-12-24,02:52:18,"(18.743316700907812, 54.42306649640054)",104.129.154.192
,467177.03,,28112.02,0,,975121,22190.99,0,0,03-09-24,21:05:48,"(80.38360431193965, 104.41925609583814)",141.123.68.32
,3875.99,,259138,255262.01,,608925.82,2415.16,0,0,14-10-24,22:48:42,"(-89.5698553762385, 1.3970677741479278)",80.207.140.78
,2148.89,,31213,29064.11,,0,0,0,0,26-11-24,08:29:09,"(-43.13176117091245, -166.8737679656814)",50.7.65.226
,466.97,,80030,79563.03,,0,0,0,0,15-02-24,01:26:22,"(38.16133575690645, -27.790332768971354)",46.6.154.195
,154139.72,,79563.03,0,,410433.04,1254956.07,0,0,22-10-24,07:08:52,"(1.1476510204896329, -130.25656745382955)",109.76.145.101
,82685.93,,0,0,,833216.44,3420103.09,0,0,23-08-24,22:18:08,"(-33.65977860104314, 154.2961177782484)",120.237.158.80
,83857.23,,0,0,,215457.59,16997.22,0,0,18-04-24,02:46:59,"(-53.41864754347511, -23.941172588982198)",21.255.85.160
,99109.77,,0,0,,299314.82,16997.22,0,0,26-08-24,16:30:45,"(-77.70816431550192, 52.51557073092496)",189.169.190.51
,187726.67,,0,0,,190573,1567434.81,0,0,09-06-24,20:14:15,"(-23.29771180736641, -142.0824669584397)",45.73.40.136
,281339.92,,0,0,,612801.81,2415.16,0,0,11-05-24,02:56:37,"(53.348229381899415, 13.072616691508074)",159.13.209.12
,186447.51,,0,0,,5862200.03,19169204.93,0,0,18-05-24,00:57:50,"(10.003126630419175, 13.94190425127627)",27.179.74.45
,81029.86,,0,0,,105343,8496.61,0,0,14-12-24,18:15:16,"(-49.430159224415675, 103.42669450912211)",133.192.41.250
,139054.95,,0,0,,182538.03,277515.05,0,0,10-07-24,14:19:43,"(64.18058489539649, -124.96356708496765)",34.210.92.96
,154716.2,,0,0,,187433,3461666.05,0,0,29-02-24,03:23:41,"(5.532465571630553, -149.3945126595474)",25.227.71.227
,53631.83,,0,0,,83244,0,0,0,01-08-24,18:37:34,"(57.738610782753966, 99.55712923921942)",95.56.16.231
,289645.52,,0,0,,871442.79,1412484.09,0,0,08-06-24,04:59:31,"(35.80512415917262, -1.626023548988826)",98.196.248.83
,267148.82,,0,0,,641975.35,1178808.14,0,0,20-08-24,07:43:40,"(52.89729074727967, -113.85593594246073)",19.222.153.29
,47913.58,,0,0,,51304,0,0,0,24-02-24,13:35:42,"(-12.17441581761966, -113.9687877190047)",221.18.17.161
,193605.38,,0,0,,249452.05,0,0,0,22-08-24,18:55:52,"(-33.21961932162508, -67.37606301559501)",186.52.227.90
,344464.4,,0,0,,1133312.56,0,0,0,06-02-24,01:16:51,"(86.92026747483436, 168.74308454383532)",145.0.117.148
,169409.87,,0,0,,909124.16,1178808.14,0,0,16-07-24,15:31:36,"(72.27255647210703, 81.54204321407138)",79.56.192.238
,25793.74,,0,0,,215312.31,49864.36,0,0,21-04-24,10:28:02,"(26.5453519564781, 84.10477819091335)",56.238.240.142
,114712.48,,0,0,,145400,0,0,0,11-01-24,04:36:05,"(72.65221365056223, -14.297906346980938)",117.175.104.137
,89038.75,,0,0,,189808,1186556.81,0,0,08-05-24,22:41:47,"(65.38909525272564, -168.24379769846277)",182.47.202.13
,1341.58,,0,0,,80341,557537.26,0,0,19-04-24,20:41:02,"(52.9994003479724, 175.7486800419877)",1.249.135.104
,44443.08,,0,0,,6048647.54,19169204.93,0,0,16-10-24,10:37:55,"(-11.67969864108072, 88.92732667648409)",57.159.187.125
,34729.64,,0,0,,44853,96.88,0,0,22-08-24,17:58:49,"(-40.607911006535204, -74.22387536094976)",95.59.170.209
,105979.34,,0,0,,435962.9,46820.71,0,0,02-12-24,00:17:58,"(-14.360560181740226, -85.36369562060013)",125.238.20.68
,57794.61,,0,0,,99217.58,0,0,0,25-01-24,15:43:41,"(-66.8567870881017, -25.81566255139748)",165.198.173.2
,15918.79,,0,0,,24553,0,0,0,06-12-24,21:58:54,"(24.274521835493587, 171.90978819924698)",2.136.22.183
,19162.08,,0,0,,60169,215851.28,0,0,30-07-24,02:40:15,"(89.47515808042499, -70.75541962598658)",184.14.107.147
,220691.42,,0,0,,6093090.62,19169204.93,0,0,05-01-24,22:24:07,"(-81.39526103222957, -39.673436823189604)",119.9.244.14
,9536.54,,0,0,,49161,130747.56,0,0,26-04-24,15:24:56,"(-53.872407933968454, 61.3558855218227)",67.122.244.175
,29784.06,,0,0,,63553,0,0,0,02-09-24,05:51:06,"(31.882743723253157, 133.02777998166346)",48.117.208.150
,190445.51,,0,0,,203679,2107965.39,0,0,17-11-24,07:26:58,"(-84.7636048051843, -88.28665462652283)",160.219.99.111
,57279.11,,0,0,,127206.9,64106.18,0,0,19-03-24,21:12:12,"(-4.961284198012166, -4.687281356227686)",200.135.170.177
,112086.81,,0,0,,292728,55974.56,0,0,29-03-24,03:10:46,"(84.14584027087724, -60.23780674981968)",142.88.205.166
,80311.89,,0,0,,87408,63112.23,0,0,11-03-24,21:14:12,"(34.99084781865389, 19.023997282171933)",77.233.225.175
,151829.91,,0,0,,1161088.31,1412484.09,0,0,25-11-24,06:02:45,"(28.802970998425224, 94.86314138938206)",123.51.76.14
,26004.52,,0,0,,52251.58,0,0,0,06-09-24,13:57:21,"(-26.13570339620925, -165.85702340577447)",14.202.112.168
,3146.16,,0,0,,9471,593737.38,0,0,21-12-24,09:41:11,"(-34.16915621350278, -10.597485519814626)",211.108.232.80
,296752.75,,0,0,,404814.81,55974.56,0,0,08-11-24,12:03:12,"(29.20467030670366, -76.24822667496332)",218.198.159.182
,191702.06,,0,0,,272624.5,971418.91,0,0,05-03-24,15:49:49,"(72.77438806651654, -150.74849858493056)",8.191.176.88
,365510.05,,0,0,,564572.76,1254956.07,0,0,30-10-24,22:26:10,"(20.787927022202396, 99.43708310330356)",192.255.6.67
,202332.08,,0,0,,342149.2,3461666.05,0,0,15-11-24,23:29:16,"(20.77763587892852, -35.349913460914166)",71.163.201.222
,55105.9,,0,0,,317952.89,2719172.89,0,0,30-11-24,00:27:23,"(-17.852942525630567, 134.3074644017471)",45.239.126.16
,171508.59,,0,0,,443057.43,0,0,0,09-12-24,21:02:44,"(21.589983361414085, -102.12662180492838)",97.43.234.32
,178439.26,,0,0,,278846.75,1186556.81,0,0,19-04-24,20:27:28,"(65.54563214955849, 171.20775199928363)",119.130.200.118
,88834.86,,0,0,,464326.57,971418.91,0,0,25-07-24,14:39:02,"(-39.900088608594785, -91.861717264704)",96.158.117.93
,210370.09,,0,0,,1442298.03,22190.99,0,0,09-12-24,01:21:43,"(-61.679870446636826, 55.846031669202176)",74.168.165.172
,36437.06,,0,0,,154606,1363368.51,0,0,23-04-24,15:50:25,"(81.44827682524419, 91.50292079448599)",95.141.192.184
,82691.56,,0,0,,657983.89,6453430.91,0,0,16-10-24,03:36:22,"(22.0403168669056, 29.011747363570834)",163.94.105.74
,338767.1,,0,0,,544481.28,3461666.05,0,0,20-03-24,01:58:23,"(40.06796342096226, -7.070308408578597)",216.124.18.62
,187728.59,,0,0,,394124.51,2107965.39,0,0,11-09-24,00:44:20,"(78.47358578557888, -7.384595977135746)",168.58.24.75
,271002.7,,0,0,,851368.24,3940085.21,0,0,20-09-24,03:39:39,"(-21.225129685592222, 160.94587517106618)",218.84.199.63
,323105.08,,0,0,,378299.67,1567434.81,0,0,07-12-24,02:19:08,"(56.16142344332229, 15.176630687484703)",199.165.231.172
,10782.94,,0,0,,100585,0,0,0,22-04-24,22:06:31,"(-68.63042866896957, -153.56588715990205)",127.161.80.68
,89962.11,,0,0,,157012.19,0,0,0,26-06-24,17:45:07,"(-14.62896219552141, -177.90742288531555)",6.85.2.63
,101940.14,,0,0,,105362,92307.65,0,0,22-01-24,07:22:46,"(23.945420776825415, -2.5098741186216103)",216.234.128.13
,163100.34,,0,0,,1078534.03,1178808.14,0,0,16-10-24,10:48:11,"(70.05834598752682, -72.65694273454271)",13.72.138.132
,136030.66,,0,0,,136875.83,0,0,0,11-11-24,02:55:11,"(26.355691429505512, 6.388659480466913)",3.89.201.235
,68912.23,,0,0,,237326.8,97263.78,0,0,03-02-24,11:31:21,"(-1.40868629130226, -34.75762228029254)",12.73.147.11
,73464.06,,0,0,,444779,4619798.56,0,0,30-10-24,10:36:16,"(-4.864778433182408, -143.79589894868823)",94.30.162.132
,106117.28,,0,0,,234216.94,51513.44,0,0,04-10-24,17:43:21,"(31.326683229167614, 96.71911105847312)",83.30.241.117
,503333.79,,0,0,,553161.42,971418.91,0,0,05-11-24,13:13:47,"(6.904670379727293, 57.34313987080287)",137.3.212.155
,71991.42,,0,0,,81682.58,557537.26,0,0,04-04-24,06:38:03,"(63.72290614131683, -110.21752330000884)",143.0.236.132
,91379.93,,0,0,,1241634.38,1178808.14,0,0,16-02-24,11:48:51,"(-22.61973275010135, -177.93332095030763)",139.196.188.215
,26759.05,,0,0,,581853.1,2107965.39,0,0,12-12-24,03:51:45,"(87.18198242887797, 142.8654472449001)",18.112.123.52
,128487.35,,0,0,,701404.75,1567434.81,0,0,07-05-24,15:30:37,"(71.13839706424383, -161.1821927588792)",15.137.162.249
,252908.87,,0,0,,919763.4,1517262.16,0,0,16-08-24,12:20:25,"(55.30754175129033, -22.602542114469173)",38.54.104.130
,64489.64,,0,0,,398424.59,16997.22,0,0,31-05-24,18:26:43,"(-82.29916332615433, 10.315931273340539)",26.138.32.29
,171369.73,,0,0,,1122370.94,3940085.21,0,0,21-06-24,08:25:23,"(-84.49134836442207, 127.68892274512342)",40.47.134.208
,4493.29,,8258,3764.71,,0,0,0,0,25-05-24,13:19:45,"(56.321052372798135, 41.98093444233464)",209.20.203.216
,12121.5,,97058,84936.5,,0,0,0,0,17-12-24,07:07:21,"(23.181790259366224, 54.684207308930326)",109.58.166.22
,2278.19,,290,0,,0,0,0,0,22-01-24,01:38:00,"(-69.36387841735443, -37.21738470056698)",93.97.4.21
,7707.44,,99827,92119.56,,0,0,0,0,20-05-24,16:45:06,"(-70.65402543645388, -93.56264051875618)",112.131.251.109
,4013.02,,92119.56,88106.55,,0,0,0,0,22-12-24,06:34:07,"(26.236503227950948, 29.446978739107095)",164.76.83.5
,5775.15,,132329,126553.85,,0,0,0,0,27-11-24,11:06:24,"(3.6882704677052374, -147.58963832626847)",55.251.226.193
,4843.93,,51718,46874.07,,0,0,0,0,11-04-24,05:22:41,"(-3.540854775861547, 25.52789143224831)",41.249.148.78
,2397.82,,20421,18023.18,,0,0,0,0,06-05-24,05:35:27,"(-69.66964694761, -71.0189468926281)",130.113.65.138
,4391.44,,228,0,,0,0,0,0,10-02-24,11:07:24,"(-27.615547897247787, -155.76616107844058)",186.232.186.76
,4497.87,,107388,102890.13,,19053,5417.23,0,0,26-12-24,17:37:09,"(87.5983592526278, -149.18325513361023)",59.124.158.15
,7452.89,,102397,94944.11,,0,0,0,0,12-12-24,13:49:26,"(-40.943979058121194, -161.66127339981506)",47.86.246.20
,3930.81,,6032,2101.19,,0,0,0,0,08-08-24,19:32:16,"(43.528553134281765, 45.36760186620785)",169.7.37.176
,71532.24,,2101.19,0,,74956,97128.19,0,0,15-11-24,19:58:28,"(18.475694401679263, -85.77927742478391)",68.114.183.254
,61159.51,,0,0,,340334.22,51513.44,0,0,08-04-24,14:50:01,"(-62.84400240958392, -2.5900796178562473)",44.29.178.89
,12401.9,,0,0,,349763,0,0,0,12-03-24,20:03:41,"(20.96236434746983, 112.48627884042895)",45.160.61.55
,32702.61,,0,0,,253053,31469.78,0,0,28-10-24,09:25:54,"(-6.653206602827225, -59.892256207228755)",101.10.32.56
,6926.67,,152927,146000.33,,0,0,0,0,09-08-24,13:54:35,"(-12.892111507593526, 49.03941640103636)",13.121.62.183
,893.57,,10676,9782.43,,0,0,0,0,05-08-24,16:21:44,"(15.181543815127696, -176.73214336765207)",94.127.86.138
,480222.51,,11110,0,,1293740.67,3940085.21,0,0,07-02-24,09:18:39,"(-31.97264895598194, -36.0329401128767)",51.82.232.176
,3608.41,,11150,7541.59,,0,0,0,0,18-01-24,00:06:05,"(0.26257884014430033, 60.12336131647709)",172.155.117.246
,5946.79,,7541.59,1594.8,,0,0,0,0,01-07-24,18:37:05,"(-23.609220619446646, -85.25375281896092)",63.181.134.113
,6099.96,,42133,36033.04,,0,0,0,0,23-11-24,10:49:32,"(-72.86001178270502, -40.22554590271014)",95.141.153.180
,372.34,,65254,64881.66,,0,0,0,0,28-05-24,13:42:40,"(48.15819432001112, -8.136931164010093)",73.186.237.152
,4635.18,,6313782.05,6309146.87,,0,0,0,0,30-01-24,19:22:54,"(-39.9509451440679, 166.64502307388938)",2.100.156.23
,1267.97,,6309146.87,6307878.9,,0,0,0,0,17-07-24,04:12:52,"(53.24735944253689, 76.09361897149358)",214.45.204.50
,6911.99,,6307878.9,6300966.92,,0,0,0,0,06-09-24,20:57:42,"(-64.33222644967618, -23.408014509653555)",61.216.148.113
,1795.67,,6300966.92,6299171.25,,0,0,0,0,21-02-24,17:01:23,"(-12.737615554301897, -4.726207968369721)",54.8.233.66
,3199.06,,6299171.25,6295972.18,,0,0,0,0,11-06-24,03:11:55,"(47.841827386420505, 111.95144930564959)",101.10.60.175
,10265.17,,6295972.18,6285707.02,,0,0,0,0,14-03-24,16:09:57,"(-8.073502412364817, 33.85156910396506)",188.44.90.32
,9029.12,,25480,16450.88,,0,0,0,0,21-09-24,18:06:55,"(-76.67382468962751, 107.88189767984164)",166.228.44.174
,7600.57,,50747,43146.43,,0,0,0,0,19-02-24,11:09:31,"(60.145856421108306, 119.92937805313449)",131.199.127.240
,2057.71,,25132,23074.29,,0,0,0,0,31-10-24,00:34:39,"(29.517733268500862, -86.29576033961618)",38.223.74.109
,3823.08,,10382,6558.92,,0,0,0,0,08-09-24,20:36:52,"(16.42372455825192, 7.92693599649931)",122.170.117.18
,2806,,2806,0,,0,0,1,0,07-10-24,23:31:49,"(83.56532719656803, -66.64692068417534)",51.12.200.57
,2806,,2806,0,,26202,0,1,0,27-01-24,22:48:42,"(24.38818376363227, -88.71102725676555)",192.72.177.77
,6737.2,,624,0,,0,0,0,0,24-06-24,07:38:27,"(89.28781019022634, 156.91923076621543)",173.254.56.191
,9161.98,,11128,1966.02,,0,0,0,0,10-02-24,19:21:56,"(86.78662146939914, 106.52158975590669)",195.254.198.170
,1239.06,,396386,395146.94,,0,0,0,0,13-08-24,10:34:52,"(-12.615682203223585, -139.0960682187489)",24.38.73.92
,365,,319,0,,0,0,0,0,01-09-24,00:40:13,"(-66.56307973097307, -50.77614348506606)",144.132.200.172
,5237.54,,27105,21867.46,,0,0,0,0,08-03-24,08:27:07,"(80.89654787412357, -154.31499983408847)",5.77.113.71
,2618.76,,21867.46,19248.7,,0,0,0,0,05-11-24,08:27:07,"(23.650808722766115, 22.053731698567645)",35.126.126.215
,339.82,,12076,11736.18,,0,0,0,0,05-02-24,23:58:50,"(58.22190021452576, -48.63369129310007)",186.243.188.157
,1393.46,,100068,98674.54,,26446,318637.36,0,0,14-03-24,23:24:11,"(-10.408809804453469, 165.41303956400992)",171.221.72.135
,2731.37,,17540,14808.63,,0,0,0,0,19-06-24,17:49:38,"(89.94220760283875, -161.70032726495052)",222.219.163.126
,8364.73,,81,0,,0,0,0,0,26-05-24,07:02:59,"(-46.71118775320872, -82.0769826133841)",18.43.48.95
,6598.71,,16392,9793.29,,0,0,0,0,28-09-24,20:00:34,"(-78.33822567607531, -45.06457135438799)",180.56.237.196
,4304.58,,10708,6403.42,,0,0,0,0,09-07-24,15:16:31,"(3.471611099207408, 151.96968084643487)",223.155.239.32
,2867.14,,943,0,,0,0,0,0,19-04-24,11:34:47,"(41.0735014924561, -120.36624909811292)",117.155.194.115
,2946.38,,0,0,,0,0,0,0,21-06-24,18:49:44,"(-30.197847199141165, -108.53018275240845)",188.217.235.166
,507.12,,87005,86497.88,,0,0,0,0,15-11-24,04:05:23,"(-61.69877229644068, -5.2981481984838865)",97.200.98.190
,3020.86,,50361,47340.14,,0,0,0,0,17-05-24,01:30:02,"(-8.189349880157195, -70.89410832764574)",57.106.211.182
,8948.03,,11137,2188.97,,0,0,0,0,14-03-24,13:23:55,"(-71.62209624513991, 34.788786761406385)",210.239.136.33
,280877.92,,2188.97,0,,462914.23,16997.22,0,0,03-11-24,10:19:23,"(-35.4132659908162, 77.000092071013)",3.56.226.68
,1084.9,,13727,12642.1,,0,0,0,0,29-08-24,01:31:01,"(-28.745310792457737, 61.94826599424138)",19.34.109.251
,9456.69,,12642.1,3185.41,,0,0,0,0,26-02-24,20:36:55,"(-10.482336531403874, -125.77045989951183)",128.0.19.132
,5812.36,,3185.41,0,,0,0,0,0,28-06-24,23:42:53,"(15.351628987038026, -51.46805143812202)",81.13.0.210
,157883.07,,46547,0,,72793,353532.56,0,0,22-07-24,15:13:43,"(-8.405384352807445, 64.61989960374353)",219.69.245.199
,2734.77,,4511,1776.23,,0,0,0,0,11-04-24,02:07:11,"(20.04035960658716, 1.2839322239479714)",198.24.218.165
,102153.86,,1776.23,0,,230676.07,353532.56,0,0,19-07-24,07:41:02,"(-19.703580529014502, -166.8713003743699)",181.192.44.139
,584.52,,15479,14894.48,,0,0,0,0,02-03-24,04:14:16,"(-4.856140426395797, -100.65327952602085)",144.213.190.118
,6113.14,,15629,9515.86,,0,0,0,0,11-12-24,15:52:20,"(-39.5036761925924, -119.97923479217107)",116.39.111.71
,369989.2,,9515.86,0,,518243.06,4619798.56,0,0,03-07-24,01:32:06,"(-47.42545725747796, -140.6715823908191)",70.134.128.84
,215338.28,,0,0,,285755.61,31469.78,0,0,18-02-24,09:53:12,"(59.084773681903755, 126.505295174776)",122.64.97.143
,65521.42,,0,0,,93337.06,0,0,0,30-12-24,19:18:37,"(-61.770498970102764, 36.33396624634619)",174.207.1.215
,116977.58,,0,0,,191043.06,1363368.51,0,0,02-02-24,06:46:00,"(22.116353862504837, -153.00853175271502)",29.81.176.253
,262392.36,,0,0,,457286.01,1186556.81,0,0,29-05-24,14:23:55,"(-44.56006736212008, 145.4995794624512)",223.113.45.196
,51121.05,,0,0,,308020.64,1363368.51,0,0,27-10-24,14:00:58,"(32.000500213925605, -66.94488467123418)",54.171.135.67
,202624.59,,0,0,,1056495.21,971418.91,0,0,14-03-24,18:21:59,"(-18.23191327382365, 19.307108985480113)",215.234.233.234
,118235.16,,0,0,,332829.93,353532.56,0,0,29-03-24,04:41:18,"(79.76748167065998, -32.731403714660814)",190.80.80.164
,118056.71,,0,0,,272906.49,0,0,0,30-01-24,09:04:30,"(83.90452507845063, -73.48564083451294)",44.27.249.27
,498960.91,,0,0,,608612.15,2107965.39,0,0,27-08-24,05:18:00,"(-17.32058461512908, 1.3976631190344335)",68.12.162.45
,691738.36,,0,0,,6285707.02,19169204.93,0,0,11-08-24,01:42:33,"(6.241604088278336, 176.08993539447312)",147.195.106.146
,58820.08,,0,0,,1107573.06,2107965.39,0,0,20-03-24,23:53:24,"(-87.68369911811585, -84.67873386093925)",188.197.160.244
,4419.04,,52951,48531.96,,0,0,0,0,12-11-24,12:23:40,"(-59.94447320775592, -20.92436278618044)",19.65.100.31
,4270.02,,9516,5245.98,,0,0,0,0,19-10-24,20:17:53,"(-28.8061591348555, 170.18858092279567)",153.244.106.81
,3007.83,,49905,46897.17,,0,0,0,0,11-10-24,02:23:06,"(50.40758689733127, 18.86082042419696)",117.20.10.196
,1824.59,,25138,23313.41,,0,0,0,0,17-04-24,04:06:09,"(60.05686099413751, -17.643761258158833)",173.85.79.142
,993.46,,19448,18454.54,,0,0,0,0,05-02-24,16:23:09,"(-51.113078795635076, 18.88964525097657)",5.239.33.10
,302693.14,,18454.54,0,,306239.03,97263.78,0,0,12-01-24,22:04:58,"(30.09655500618831, -49.94650797275037)",78.66.58.118
,1445.06,,10892,9446.94,,0,0,0,0,11-11-24,18:10:18,"(55.501724489932116, -51.64632427130695)",118.247.52.8
,4059.25,,4186,126.75,,0,0,0,0,11-08-24,21:21:11,"(-83.49988389394251, -123.26130169499442)",44.90.50.35
,3417.18,,126.75,0,,0,0,0,0,09-11-24,09:01:00,"(-15.217995580105779, -137.72032120503056)",189.151.5.236
,3428.95,,147798,144369.05,,1534657.01,5515763.34,0,0,20-04-24,00:21:36,"(-33.99065420667446, -83.47041770176205)",23.160.14.48
,5580.98,,7781,2200.02,,0,0,0,0,20-04-24,19:44:16,"(-6.821851988102324, 22.92730679166803)",9.162.166.212
,3455.85,,3509,53.15,,1333014.31,1178808.14,0,0,12-10-24,18:41:06,"(62.74797988951266, 134.07169490889186)",170.146.135.218
,7265.63,,14508,7242.37,,0,0,0,0,24-07-24,15:06:53,"(21.46998886587774, 2.2278609705280417)",100.18.158.175
,3852.64,,1449076.27,1445223.63,,0,0,0,0,20-09-24,10:24:21,"(-37.07912927689332, -98.12137872727351)",53.124.227.30
,7870.29,,1445223.63,1437353.34,,0,0,0,0,14-05-24,02:30:31,"(22.133645976529536, -157.86815969210107)",119.234.142.57
,12872.92,,11197,0,,51885,0,0,0,24-11-24,08:10:51,"(87.79454243524953, -104.33194895648963)",198.84.148.67
,6675.34,,10107,3431.66,,0,0,0,0,29-03-24,12:06:55,"(-67.63086807868544, 114.45099029967275)",98.183.239.247
,410201.89,,21448,0,,61613,424250.45,0,0,17-04-24,07:53:50,"(-35.72581194199197, -62.43148647517191)",51.91.61.177
,13310.78,,0,0,,0,0,0,0,27-05-24,00:50:19,"(15.254251211698474, -16.99656971939629)",106.160.99.101
,664.35,,102983,102318.65,,0,0,0,0,09-04-24,13:54:46,"(20.437117602030042, -94.96023470319)",168.174.124.125
,2130.3,,10958,8827.7,,0,0,0,0,23-11-24,15:31:03,"(-8.727683939109468, 153.76332724214865)",50.192.88.175
,7771.4,,8827.7,1056.3,,0,0,0,0,07-09-24,22:58:05,"(69.65906836905378, -145.5482355714904)",106.42.118.86
,36349.35,,1056.3,0,,0,0,0,0,05-07-24,08:10:55,"(-75.26700019722314, -42.88823225495213)",201.61.206.197
,749.34,,0,0,,0,0,0,0,27-12-24,01:21:33,"(11.427169576260667, 161.06939798409655)",159.57.47.51
,2340.34,,0,0,,0,0,0,0,10-08-24,03:19:06,"(-65.90802074855222, 75.55729836264945)",171.40.6.11
,9686.85,,0,0,,0,0,0,0,11-03-24,19:47:05,"(-41.05696987239094, -72.5389685711161)",141.105.137.70
,15785.85,,0,0,,0,0,0,0,14-05-24,19:31:35,"(29.402572100997645, -95.08083911607554)",199.124.119.246
,9006.78,,0,0,,0,0,0,0,18-04-24,15:43:04,"(81.19118516078359, -63.805394087302645)",175.19.130.29
,9014.95,,0,0,,0,0,0,0,02-02-24,04:05:36,"(-36.974011362006316, 91.70337738332023)",132.116.248.140
,14420.66,,0,0,,0,0,0,0,24-05-24,11:58:45,"(-15.257592666912998, 117.66615252057534)",190.26.21.247
,4802.31,,0,0,,0,0,0,0,27-03-24,11:00:02,"(62.64113584541673, -0.6807414970759282)",111.110.134.7
,28527.44,,0,0,,0,0,0,0,20-01-24,17:27:41,"(85.90946584346386, -17.258690416115655)",142.174.111.36
,4182.93,,0,0,,0,0,0,0,30-09-24,15:40:39,"(-28.247593974776684, -102.83005138660924)",59.52.156.165
,4088.21,,0,0,,0,0,0,0,21-09-24,13:02:06,"(-22.040912129623493, 144.77095103356254)",176.129.125.220
,8491.9,,0,0,,0,0,0,0,22-08-24,07:52:08,"(65.35092913135404, -154.37828292683304)",46.4.216.46
,6666.78,,11876,5209.22,,24777,189534.74,0,0,17-05-24,07:06:42,"(-87.73799657908489, -95.00748265751106)",138.168.12.157
,6536.86,,17319,10782.14,,0,0,0,0,24-04-24,15:44:41,"(-29.434626083187737, 86.28463070038225)",115.184.229.180
,40684.97,,10782.14,0,,49530,66575.5,0,0,18-09-24,02:04:03,"(-29.296218514490022, -125.67122039945883)",116.222.158.63
,1553.21,,31516,29962.79,,0,0,0,0,20-08-24,17:44:14,"(21.760333486438796, -125.09771130061308)",115.93.220.82
,7344.92,,0,0,,185432,0,0,0,17-05-24,11:15:12,"(15.64601048996218, 16.77723404854254)",32.231.75.16
,106267.21,,0,0,,241106.05,49864.36,0,0,27-06-24,04:34:20,"(-76.83346068108449, 15.814984701514305)",211.151.103.103
,5491.5,,36605,31113.5,,0,0,0,0,10-08-24,09:08:16,"(-41.61882229968577, 31.553677246994255)",143.22.124.35
,3666.42,,48117,44450.58,,0,0,0,0,19-07-24,08:21:05,"(34.696615413941444, 164.54793534932247)",80.106.186.34
,5507.18,,36030,30522.82,,0,0,0,0,26-12-24,01:43:02,"(83.66674626110816, -49.736520432047826)",158.253.168.229
,4565.14,,30265,25699.86,,829892.09,1567434.81,0,0,26-10-24,17:59:33,"(-12.838364083300746, -56.14837378405025)",221.45.210.11
,11348.71,,734899,723550.29,,0,0,0,0,27-03-24,01:15:04,"(27.23926516694104, 29.07161393241458)",56.95.17.66
,123179.97,,7215,0,,12904.68,43691.09,0,0,28-01-24,12:36:20,"(70.69962667872261, 101.51448379383152)",6.110.13.51
,7073.6,,0,0,,0,0,0,0,06-12-24,12:43:40,"(-85.46145476519553, -171.22988510184723)",200.237.38.171
,2803.83,,0,0,,0,0,0,0,14-09-24,00:06:14,"(87.86457018223581, -32.82878579590013)",164.3.217.192
,106.81,,0,0,,0,0,0,0,18-05-24,16:17:35,"(-12.117386093377746, 151.06890473746745)",166.79.135.25
,6297.71,,762,0,,0,0,0,0,19-12-24,16:34:32,"(-30.549712936133524, 98.20809986947944)",159.219.189.164
,2610.01,,58697.54,56087.54,,0,0,0,0,13-10-24,03:56:32,"(-59.65831258064159, -81.16619582444262)",89.79.30.218
,5320.1,,56087.54,50767.43,,0,0,0,0,23-05-24,12:35:16,"(-19.943853012919973, -0.5278829505269016)",211.249.216.45
,1460.63,,1132,0,,0,0,0,0,07-06-24,00:34:22,"(-36.71905398367665, -178.78413573663457)",169.226.100.211
,522264.81,,24,0,,11361,2025098.66,0,0,19-06-24,11:13:52,"(-20.72075515591078, -127.11334822531703)",119.45.194.126
,3584.21,,135496,131911.79,,100614.05,24044.18,0,0,16-09-24,20:50:22,"(23.670735691973718, 20.683791696622876)",6.185.154.53
,3704.97,,24553,20848.03,,0,0,0,0,15-12-24,19:44:21,"(-1.6347344963145076, -51.073094841772416)",102.235.52.190
,2773.61,,14332,11558.39,,0,0,0,0,18-11-24,08:10:55,"(62.84393376491721, -156.14957294326027)",85.22.226.62
,3896.42,,11558.39,7661.97,,0,0,0,0,09-07-24,11:54:11,"(10.45911569803711, 77.75451076495585)",216.202.4.101
,18781.84,,7661.97,0,,0,0,0,0,29-12-24,14:40:38,"(-82.4855768559485, 18.439989814063296)",46.121.72.162
,6660.33,,17710,11049.67,,0,0,0,0,26-11-24,17:54:42,"(-70.03119717768124, -97.56210145608563)",184.167.146.247
,26923.42,,11049.67,0,,199404.91,95508.95,0,0,30-06-24,20:33:04,"(-88.15086633673684, -4.059696259292423)",78.126.55.32
,53783.57,,0,0,,75514,420946.86,0,0,07-05-24,01:06:01,"(61.56303592157073, 128.3404630721967)",119.101.204.16
,80333.28,,0,0,,321592.98,277515.05,0,0,26-12-24,20:38:04,"(69.35525421061408, 63.65776648144771)",140.49.161.38
,211075.91,,0,0,,930082.81,1254956.07,0,0,24-12-24,04:20:54,"(-47.572466007298836, -89.39125668063855)",108.209.130.112
,100677.86,,0,0,,701567.56,55974.56,0,0,08-12-24,02:16:39,"(-58.63942631230502, 68.57625745806496)",68.186.162.105
,473499.51,,0,0,,883248.39,3461666.05,0,0,09-03-24,07:09:16,"(14.208071190087765, 120.22687017689503)",171.33.193.125
,1538200.39,,0,0,,6977445.38,19169204.93,0,0,15-05-24,17:05:14,"(18.725981953634573, -40.352846210400145)",138.253.127.60
,2421578.09,,0,0,,8515645.77,19169204.93,0,0,21-11-24,13:35:29,"(-83.16557736840255, 83.37295937088567)",43.230.14.218
,1349670.68,,0,0,,1538085.96,5515763.34,0,0,14-09-24,18:22:59,"(-67.4740008988475, 64.97373950043217)",99.238.189.2
,314403.14,,0,0,,888232.25,4619798.56,0,0,13-02-24,13:00:19,"(46.091136399871004, -153.592696167457)",47.26.220.238
,1457213.54,,0,0,,10937223.86,19169204.93,0,0,22-06-24,00:27:55,"(-87.69439443692366, 147.65779761733575)",134.43.249.241
,180368.84,,0,0,,1437353.34,16518.36,0,0,22-07-24,05:25:41,"(22.467893348786916, -125.28878381461007)",82.20.5.193
,445038.71,,0,0,,802245.42,55974.56,0,0,20-11-24,18:38:27,"(81.42122361392589, -137.25393311554876)",138.249.48.137
,1123206.66,,0,0,,1773963.18,3940085.21,0,0,20-09-24,05:39:23,"(-56.94726767092538, 19.92929724862654)",220.64.215.215
,996,,46132,45136,,88106.55,1015132.48,0,0,28-04-24,23:07:08,"(-73.66511688783876, -15.470998783524067)",39.17.173.104
,176334.26,,45136,0,,1251626.46,2107778.11,0,0,19-09-24,21:24:49,"(4.750698031801065, -0.9370867365461208)",169.87.192.115
,161217.61,,0,0,,199733,5602234.95,0,0,21-09-24,19:56:14,"(73.00125438008959, -159.18549900304538)",183.173.207.147
,108443.61,,0,0,,246974.3,0,0,0,05-09-24,07:51:10,"(44.319997780155916, 157.0361043935464)",148.168.218.152
,75442.68,,0,0,,80469,500631.71,0,0,14-08-24,15:12:24,"(-54.77321057407797, -178.42133613203805)",192.157.129.94
,55536.86,,0,0,,915902.37,3420103.09,0,0,26-01-24,02:27:16,"(33.010191483140886, 176.79574142600484)",149.114.243.64
,438437.09,,0,0,,740675.45,6453430.91,0,0,21-04-24,06:22:53,"(61.60717776639726, -97.48879418152603)",48.148.109.38
,928722.69,,0,0,,1259119.8,971418.91,0,0,15-04-24,04:01:27,"(55.179794305623545, -73.91465109498222)",44.4.99.95
,1478772.04,,0,0,,1652668.12,22190.99,0,0,27-12-24,04:58:08,"(-23.354097117351145, -138.23010695948085)",103.214.103.159
,2545478.01,,0,0,,12394437.4,19169204.93,0,0,12-05-24,22:25:15,"(-40.75322102658225, 54.216148849967254)",69.11.6.246
,2061082.82,,0,0,,14939915.42,19169204.93,0,0,15-01-24,23:34:03,"(-80.02019265330162, -80.2551703923078)",90.194.127.42
,983479.66,,0,0,,3131440.16,22190.99,0,0,18-01-24,16:48:10,"(53.755338744224986, -117.76885197302447)",160.135.181.85
,635507.97,,0,0,,834457.23,1567434.81,0,0,23-04-24,20:51:35,"(-42.532561532792826, 177.30871207033312)",97.54.74.13
,848231.57,,0,0,,4114919.82,22190.99,0,0,23-07-24,22:35:15,"(-12.122931918061411, -172.14807071458395)",206.26.211.10
,739112.93,,0,0,,1141158.73,1254956.07,0,0,28-11-24,22:39:10,"(-52.256000489814525, 156.19426754838003)",181.212.67.47
,324397.94,,0,0,,373058.79,2719172.89,0,0,19-04-24,13:31:30,"(79.49491062150585, 21.63376381188985)",93.108.152.126
,982862.81,,0,0,,2187842.49,971418.91,0,0,10-07-24,04:39:52,"(-19.775301379213445, -81.45460090352047)",199.240.193.145
,955855,,0,0,,1179112.54,6453430.91,0,0,23-10-24,01:10:57,"(2.489589622113769, -37.96428253499394)",83.206.156.75
,179253.24,,0,0,,179614.1,46462.23,0,0,08-07-24,02:13:36,"(-51.07012418257918, 46.11642314362234)",159.90.152.8
,5446.88,,666,0,,0,0,0,0,14-06-24,08:11:55,"(-13.370686293438865, 149.36488280240638)",56.175.166.171
,648.64,,873,224.36,,0,0,0,0,23-10-24,00:49:35,"(44.57183867141097, -23.26021964416168)",54.76.131.192
,8494.71,,11129,2634.29,,0,0,0,0,19-02-24,14:20:13,"(56.41939724008077, -51.04085448286477)",55.156.85.89
,373068.26,,20034,0,,1427960.73,2107778.11,0,0,31-01-24,16:36:03,"(-18.59615637693966, -89.10156046857614)",195.155.7.111
,143236.26,,0,143236.26,,608932.17,97263.78,0,0,04-03-24,06:05:24,"(-85.91887599992461, 156.6835195610712)",47.83.148.148
,228451.89,,143236.26,371688.15,,719678.38,1186556.81,0,0,01-12-24,16:25:12,"(84.0596751868002, -15.428690788391833)",113.19.197.177
,35902.49,,371688.15,407590.65,,49003.3,0,0,0,31-07-24,02:01:19,"(84.1647536342725, -68.1276960784233)",93.167.120.40
,232953.64,,407590.65,640544.28,,1172672.27,1517262.16,0,0,04-10-24,06:50:58,"(88.37204712227773, -111.28426441751911)",3.30.105.239
,65912.95,,640544.28,706457.23,,104198.26,24044.18,0,0,29-05-24,07:20:23,"(-21.908758870837545, 137.9446200795249)",167.14.26.15
,193492.68,,706457.23,899949.91,,1247284.13,55974.56,0,0,20-11-24,18:11:52,"(-31.08372931201044, 106.99222099426919)",102.167.67.120
,60836.64,,899949.91,960786.56,,143436,5203.54,0,0,23-05-24,08:54:45,"(-46.545640648922664, 148.52735818438975)",161.144.122.239
,62325.15,,960786.56,1023111.71,,1880271.66,1254956.07,0,0,31-03-24,19:55:21,"(-23.27216143064817, 92.3223332506061)",82.150.194.58
,349640.51,,1023111.71,1372752.22,,360950.61,5602234.95,0,0,21-01-24,21:29:19,"(17.93856848369137, 10.937900724284276)",202.20.208.129
,135324.19,,1372752.22,1508076.41,,1356747.89,3461666.05,0,0,28-08-24,04:54:46,"(9.588492228734651, -84.82679706523413)",214.180.244.222
,380015.14,,1508076.41,1888091.55,,1336470.16,1178808.14,0,0,20-02-24,23:50:54,"(8.924130202770954, 118.11972624492051)",93.92.230.84
,418688.27,,1888091.55,2306779.82,,956455.03,1178808.14,0,0,24-10-24,01:49:54,"(-82.4225820414055, 115.90839012100616)",53.85.17.233
,311023.52,,2306779.82,2617803.34,,1477776.96,0,0,0,27-11-24,09:05:26,"(-13.53500811363125, 82.96570104753471)",54.158.209.30
,151862.38,,2617803.34,2769665.72,,158858.48,0,0,0,11-01-24,04:56:59,"(63.727395274379404, 148.73783476806636)",29.162.62.212
,228710.05,,2769665.72,2998375.78,,743792.14,16997.22,0,0,25-02-24,05:03:28,"(-52.49616998373859, -124.02813782801383)",104.251.85.61
,220431.09,,2998375.78,3218806.87,,2897169.84,3940085.21,0,0,18-03-24,22:56:02,"(76.23293553376038, -68.43195474785168)",138.40.124.224
,182861.45,,3218806.87,3401668.32,,192776.92,0,0,0,30-10-24,06:57:29,"(33.19512912492827, 143.59099869135304)",36.226.51.132
,231881.5,,3401668.32,3633549.82,,894141.72,2415.16,0,0,02-06-24,23:22:50,"(-14.16816573768996, -2.8545287504553585)",86.68.65.45
,38071.17,,3633549.82,3671620.98,,122487,54985.05,0,0,13-11-24,22:58:51,"(-0.3746097511167079, -72.06726668418928)",66.102.19.98
,87117.29,,3671620.98,3758738.27,,501093.89,31469.78,0,0,05-06-24,13:35:32,"(33.280605593335764, 138.21465373233957)",1.86.58.106
,114271.72,,3758738.27,3873009.99,,3170705.3,971418.91,0,0,10-11-24,01:18:51,"(-29.062400717531, -96.36613194210918)",43.177.40.19
,73199.1,,3873009.99,3946209.08,,401926.25,277515.05,0,0,07-06-24,22:11:07,"(-13.129301934277876, 103.79199056865605)",8.250.111.189
,764772.98,,3946209.08,4710982.07,,3056433.58,971418.91,0,0,01-11-24,10:21:24,"(79.28616976963357, 131.62393696052646)",109.2.255.97
,106847.36,,4710982.07,4817829.42,,335711.51,52415.15,0,0,16-02-24,02:14:40,"(-54.82214891030948, 102.23843146526605)",59.112.196.126
,6287.28,,4817829.42,4824116.71,,11274,0,0,0,30-01-24,10:01:23,"(-16.87651729954311, 65.88525550978196)",8.41.141.149
,24936.34,,4824116.71,4849053.05,,104408,42450.71,0,0,18-12-24,22:54:15,"(58.807089117803656, -31.877457655992714)",52.111.253.5
,55837.16,,4849053.05,4904890.21,,66800.82,10963.66,0,0,12-04-24,23:18:12,"(73.05780616328397, 63.359073164958545)",11.132.191.38
,63255.29,,4904890.21,4968145.5,,237735.3,0,0,0,19-08-24,13:27:36,"(-64.43338155813366, 164.590157430568)",74.30.215.43
,104605.78,,4968145.5,5072751.28,,207302.14,92307.65,0,0,21-09-24,00:57:41,"(-31.64516258206553, -103.258768244815)",186.97.213.159
,154160.82,,5072751.28,5226912.1,,157376,0,0,0,09-03-24,14:40:10,"(11.111743909736987, -4.9821625465442025)",163.239.48.170
,257348.03,,5226912.1,5484260.13,,2291660.6,971418.91,0,0,14-05-24,18:44:35,"(80.66631532072088, 69.2607836156377)",99.21.227.221
,201073.81,,5484260.13,5685333.94,,537766.76,1178808.14,0,0,19-03-24,23:35:35,"(34.67601639561144, 142.02223603683944)",146.44.208.223
,53560.68,,5685333.94,5738894.62,,172857.68,22233.65,0,0,19-02-24,23:46:02,"(-64.00105962801878, -84.94880382244004)",34.189.21.199
,334234.39,,5738894.62,6073129.01,,358867.35,46462.23,0,0,25-08-24,12:26:55,"(-6.86196419695213, 41.51557162250663)",166.241.0.252
,227335.16,,6073129.01,6300464.17,,1817946.5,1254956.07,0,0,09-06-24,14:17:09,"(-25.385970363652945, -98.93628970071856)",127.15.241.31
,134426.08,,6300464.17,6434890.26,,228864.16,52415.15,0,0,21-08-24,17:59:07,"(-74.4820921815697, 0.5705334328697802)",79.184.114.96
,2643.45,,6434890.26,6437533.71,,49974,1891.79,0,0,12-05-24,01:00:35,"(88.52492194616735, 149.89330192036965)",197.151.201.91
,134977.11,,6437533.71,6572510.82,,471814.89,424250.45,0,0,17-10-24,20:52:19,"(-61.250845991139386, 81.71178762318732)",85.3.123.32
,25090.03,,6572510.82,6597600.85,,80148.6,0,0,0,26-09-24,11:12:35,"(75.06266537551485, -174.5873466168658)",85.224.137.228
,147388.67,,6597600.85,6744989.53,,184486.01,64106.18,0,0,28-07-24,12:42:57,"(38.288347485576054, -138.7399377018785)",76.101.41.189
,217615.09,,6744989.53,6962604.61,,971439.24,3420103.09,0,0,29-04-24,08:58:15,"(-48.86212611257245, -168.75732122216357)",169.136.52.197
,355294.5,,6962604.61,7317899.11,,1469965.2,1567434.81,0,0,18-07-24,15:47:25,"(78.20187710655796, -82.30886139217895)",150.228.156.235
,12336.48,,7317899.11,7330235.59,,21024,83845.22,0,0,27-05-24,09:40:18,"(-15.930161549751887, -147.95966882810703)",27.44.58.136
,349505.89,,7330235.59,7679741.48,,17000998.23,19169204.93,0,0,21-05-24,01:44:53,"(-25.0708136360834, -72.76885753434124)",136.84.35.48
,285185.34,,7679741.48,7964926.82,,451065.09,353532.56,0,0,15-10-24,20:55:57,"(-82.92505107950824, -9.846819668902384)",79.35.221.244
,132953.45,,7964926.82,8097880.27,,1617722.17,16518.36,0,0,21-10-24,08:12:07,"(-57.45483594630785, -167.77667921202357)",90.43.134.169
,214851.41,,8097880.27,8312731.68,,939718.63,1517262.16,0,0,09-03-24,20:34:17,"(-68.96278087150579, 95.08888958658184)",118.90.238.25
,54988.56,,8312731.68,8367720.25,,60870,10588885.27,0,0,17-02-24,04:19:29,"(-25.483703188172854, 153.25331633007954)",20.224.59.182
,62871.06,,8367720.25,8430591.3,,177707.91,4894.45,0,0,20-03-24,18:29:58,"(-70.92622971120936, -120.64974264544621)",69.186.160.23
,61150.85,,8430591.3,8491742.16,,1166393.13,2107965.39,0,0,08-01-24,09:38:48,"(-35.73737462444871, -78.43970051332442)",223.107.203.75
,131409.27,,8491742.16,8623151.43,,290276.03,265092.36,0,0,23-08-24,01:14:53,"(74.69300585307326, 170.55625465505682)",98.199.132.55
,10844.33,,8623151.43,8633995.76,,42274,290772.6,0,0,11-10-24,08:17:51,"(-36.89454720704093, -130.5295505848187)",92.248.26.245
,2054.84,,22195,20140.16,,0,0,0,0,04-10-24,03:06:08,"(14.637254285199802, 159.06659541408936)",119.16.89.229
,313373.56,,20140.16,333513.72,,2034312.57,971418.91,0,0,27-04-24,04:48:36,"(-14.45665157357719, 153.58397228097027)",91.84.129.30
,13289.87,,333513.72,346803.59,,78256.1,0,0,0,26-03-24,00:37:28,"(-12.688108042756724, 108.84895740400839)",19.39.59.55
,27070.11,,346803.59,373873.7,,70595,122750.49,0,0,02-04-24,13:50:10,"(-89.23415103166307, 124.7292048069055)",10.195.46.135
,127954.7,,373873.7,501828.4,,1590611.34,1254956.07,0,0,23-11-24,16:24:10,"(-8.771041472749545, 56.62971966069114)",92.30.35.124
,197031.04,,501828.4,698859.44,,515082.09,16997.22,0,0,17-09-24,08:35:01,"(-50.994224227447766, 15.8351864263457)",118.19.122.213
,144366.64,,698859.44,843226.08,,1720939.01,971418.91,0,0,05-04-24,05:33:52,"(-31.711579435245497, 170.98653841365973)",175.134.40.131
,7965.49,,843226.08,851191.57,,35100.09,40348.79,0,0,29-05-24,04:42:13,"(-40.1371436071325, -16.152374635223254)",194.252.177.165
,123103.74,,851191.57,974295.31,,541942.24,46820.71,0,0,22-05-24,07:06:18,"(87.71210912177534, 129.06692528695294)",165.64.127.154
,106634.77,,974295.31,1080930.07,,4963151.39,22190.99,0,0,29-03-24,09:23:09,"(16.06823807143965, 54.551351217684356)",212.172.237.15
,74933.22,,1080930.07,1155863.3,,1312918.22,1412484.09,0,0,01-06-24,06:12:58,"(-0.5960426421804499, -9.02380447062015)",43.64.45.7
,120234.99,,1155863.3,1276098.29,,194026.33,965870.05,0,0,31-03-24,15:25:08,"(86.30014110603508, 22.88467542959205)",151.149.16.164
,5763.99,,1276098.29,1281862.28,,24632.95,46462.23,0,0,18-05-24,16:48:06,"(-3.6520766419202317, 25.41555222805664)",124.66.23.117
,156922.36,,1281862.28,1438784.65,,2887756.64,5515763.34,0,0,12-11-24,15:26:43,"(-23.625069820377888, -111.71046686433473)",129.202.43.77
,162665.98,,1438784.65,1601450.63,,362164.9,0,0,0,01-05-24,07:03:46,"(-24.88700301175757, -107.0728380746684)",98.102.153.120
,110226.34,,1601450.63,1601450.63,,1601450.63,10681238.79,0,0,25-09-24,00:39:53,"(-79.17783622560073, -158.1753677555757)",198.71.88.10
,142577.44,,1601450.63,1744028.07,,174480.01,0,0,0,07-06-24,13:13:40,"(81.47176965225452, -50.342507182329)",84.136.14.126
,6915.38,,1744028.07,1750943.45,,49685,0,0,0,12-04-24,17:44:01,"(78.5092232423014, 102.5204318269441)",125.34.111.57
,157108.01,,1750943.45,1908051.46,,1576572.37,971418.91,0,0,01-07-24,14:13:19,"(-57.446594910411214, 103.24813430616831)",57.214.23.119
,223555.14,,1908051.46,2131606.6,,1462656.64,1254956.07,0,0,29-10-24,20:26:43,"(52.918099635402285, -88.05375767069826)",152.88.247.50
,146331.12,,2131606.6,2277937.72,,1053791.45,55974.56,0,0,15-02-24,03:28:49,"(-69.11484393482097, 32.864876260721786)",17.52.59.151
,141131.23,,2277937.72,2419068.96,,1419464.36,971418.91,0,0,18-07-24,16:01:21,"(14.164148232237736, -115.25467622350361)",142.237.57.220
,222711.47,,2419068.96,2641780.43,,16651492.34,19169204.93,0,0,09-03-24,09:21:01,"(32.11532806722629, -112.37779417885919)",133.19.168.108
,84980.31,,2641780.43,2726760.74,,165879.75,353532.56,0,0,31-08-24,18:45:32,"(-16.68144057957106, -6.232132613117557)",92.18.235.108
,628719.07,,2726760.74,3355479.81,,1484768.73,16518.36,0,0,01-06-24,13:31:05,"(25.364948840560544, -47.71092246443487)",64.210.27.73
,79285.8,,3355479.81,3434765.61,,4856516.62,22190.99,0,0,28-03-24,13:51:48,"(-56.594594116646654, 0.19181443008665156)",33.236.6.70
,57809.81,,3434765.61,3492575.42,,59666,0,0,0,02-05-24,16:49:50,"(-74.97776165541578, -40.62100945511739)",214.83.166.60
,75043.17,,3492575.42,3567618.59,,156547,0,0,0,03-02-24,04:35:03,"(33.00234254351939, 118.61269773007444)",203.234.138.161
,248196.92,,3567618.59,3815815.51,,318051.05,16997.22,0,0,23-10-24,16:41:40,"(5.032536422244959, 173.75488718453846)",19.37.178.240
,18851.44,,3815815.51,3834666.95,,47330.55,1891.79,0,0,19-11-24,22:34:52,"(-64.17476655483652, 34.957273731562054)",88.31.84.32
,403418.39,,3834666.95,4238085.34,,1801028.99,2107778.11,0,0,27-04-24,21:07:57,"(33.56489488353358, 127.08704463211512)",152.208.231.168
,235564.81,,4238085.34,4473650.15,,2676738.75,3940085.21,0,0,14-03-24,08:20:31,"(68.02172319250673, -76.01715147864363)",12.105.9.25
,32325.24,,4473650.15,4505975.39,,158866.76,265092.36,0,0,24-11-24,02:54:27,"(-75.2634124190905, 28.814108260025534)",158.148.33.58
,345347.7,,4505975.39,4851323.08,,355417.92,0,0,0,30-01-24,02:56:37,"(30.243172487860974, 179.18739770829205)",117.124.130.240
,355500.25,,4851323.08,5206823.33,,1166753.44,0,0,0,21-07-24,16:43:38,"(48.53752907733417, -65.74677200999415)",8.190.156.79
,103005.78,,5206823.33,5309829.12,,114836.85,4894.45,0,0,28-05-24,06:54:31,"(-15.635884852515389, -69.63672355554348)",4.105.199.187
,108803.98,,5309829.12,5418633.09,,811253.19,0,0,0,19-06-24,16:41:31,"(-66.05956864842516, -38.697180074023294)",16.49.206.154
,259753.27,,5418633.09,5678386.36,,260112.48,0,0,0,02-09-24,06:37:44,"(69.95767577170304, -56.25950683645762)",208.60.103.6
,234094.24,,5678386.36,5912480.6,,1278333.12,971418.91,0,0,14-02-24,10:11:18,"(59.265706781406436, -141.4314474937956)",77.5.154.150
,273305.73,,5912480.6,6185786.33,,1237985,1412484.09,0,0,13-10-24,18:31:43,"(-21.450257692214976, 52.89337625624714)",51.181.136.91
,186838.95,,6185786.33,6372625.28,,418838.5,46820.71,0,0,12-06-24,11:13:40,"(86.15764824323142, 96.22266535307836)",100.141.68.233
,193161.04,,6372625.28,6565786.32,,2441173.94,3940085.21,0,0,26-06-24,02:25:27,"(27.945541434370156, -98.74462624248491)",153.229.61.219
,152823.85,,6565786.32,6718610.17,,1202635.39,4619798.56,0,0,28-02-24,11:37:46,"(-35.23314447171913, 120.4726180792116)",204.44.32.87
,91457.82,,6718610.17,6810067.99,,662260.23,2415.16,0,0,12-02-24,16:36:03,"(-10.682376166087309, -71.2127935308719)",79.128.46.75
,277807.48,,6810067.99,7087875.47,,907460.33,55974.56,0,0,13-06-24,19:14:55,"(85.25073232639161, 157.24085339214605)",1.106.155.109
,8679.13,,7087875.47,7096554.61,,94438.08,52415.15,0,0,09-07-24,01:41:21,"(41.998534233926506, -100.84614574888599)",62.39.67.195
,2099.59,,7096554.61,7098654.2,,40471.79,0,0,0,09-07-24,10:40:52,"(-47.438264767885144, 145.86034826366546)",44.77.204.88
,221693.08,,7098654.2,7320347.28,,629652.85,55974.56,0,0,12-02-24,02:36:03,"(23.86146949254133, -61.645662867002144)",131.188.62.105
,206097.65,,7320347.28,7526444.93,,1239101.5,1254956.07,0,0,16-02-24,02:16:45,"(65.09322251799068, 154.47710936022224)",4.88.25.104
,22384.21,,7526444.93,7548829.13,,42211,387263.02,0,0,17-06-24,05:33:30,"(-35.62116633647298, 15.125272667499416)",76.32.229.42
,73210.99,,7548829.13,7622040.12,,79582.64,96.88,0,0,17-09-24,10:49:05,"(74.64972653489451, -88.35543100506722)",35.242.232.49
,236747.6,,7622040.12,7858787.73,,390963.21,0,0,0,22-09-24,18:12:29,"(56.3910319904987, 142.15461470274545)",158.55.91.214
,6284.18,,7858787.73,7865071.9,,328727.16,277515.05,0,0,06-11-24,19:41:15,"(-58.54176205127956, 8.854708936986526)",10.84.150.91
,100198.77,,7865071.9,7965270.68,,336837.78,424250.45,0,0,19-01-24,05:11:06,"(46.600709841172915, 153.4095614207842)",144.23.249.81
,160347.32,,7965270.68,8125617.99,,724867.22,1517262.16,0,0,12-08-24,09:08:47,"(-47.124396461772875, 163.48101856323984)",130.100.21.251
,289272.75,,8125617.99,8414890.75,,413976.6,31469.78,0,0,14-01-24,04:32:59,"(-0.9441878506395085, 35.314289194863704)",139.103.168.55
,63189.26,,8414890.75,8478080,,101925,0,0,0,27-08-24,06:19:38,"(-81.72334556736648, 24.97519195661016)",79.22.199.114
,196725.32,,8478080,8674805.32,,2248012.9,3940085.21,0,0,29-06-24,05:11:01,"(68.46547242492858, 0.7303988329761637)",120.246.126.254
,5882.32,,10252,4369.68,,0,0,0,0,11-02-24,03:52:16,"(-43.22922269585299, 163.08052751443688)",102.198.40.66
,625.92,,30165,29539.08,,1042,0,0,0,24-07-24,17:07:33,"(24.60896251267367, 108.54026456347015)",163.6.0.214
,5937.72,,21779,15841.28,,0,0,0,0,04-01-24,16:42:51,"(8.021207653737576, -34.64808823281925)",84.191.120.132
,9796.29,,274658,264861.71,,0,0,0,0,26-06-24,20:37:09,"(12.32075593346849, 154.4716717350738)",186.69.15.230
,13449.95,,11080,0,,0,0,0,0,09-03-24,02:51:53,"(-25.73675203266214, 140.84526682977014)",209.22.50.165
,4749.6,,8038,3288.4,,0,0,0,0,13-08-24,04:02:29,"(-86.33097533163166, 37.461959649803276)",92.59.108.19
,6460.86,,31009,24548.14,,0,0,0,0,08-05-24,15:32:08,"(44.63637210292154, 58.051848508588165)",222.6.174.213
,3605.26,,10120,6514.74,,0,0,0,0,19-02-24,02:15:26,"(-59.93071604445922, 2.0183443757300097)",197.25.107.241
,624.61,,52594,51969.39,,0,0,0,0,02-04-24,10:45:34,"(-77.49629861620846, 79.67072911175649)",87.86.138.21
,3854.92,,9241,5386.08,,0,0,0,0,23-02-24,23:11:22,"(-64.32506204757034, -133.3311329009532)",67.127.213.229
,420532.33,,5386.08,0,,614566.02,0,0,0,27-10-24,03:00:17,"(30.924813244280088, 60.30997888627476)",159.170.88.162
,4402.86,,4469,66.14,,0,0,0,0,21-04-24,13:25:21,"(9.75345477827878, -120.77093952215334)",4.151.211.90
,147804.02,,66.14,0,,158919,23508.22,0,0,19-10-24,10:16:14,"(-59.14300548339149, -158.71449200971807)",29.88.109.216
,151.2,,1904,1752.8,,0,0,0,0,29-09-24,03:10:43,"(25.980671937850133, 134.8966176519337)",153.61.233.12
,58.21,,14506,14447.79,,0,0,0,0,10-07-24,19:02:57,"(-53.10017172892547, 81.32541408152798)",102.211.53.186
,5936.82,,741,0,,0,0,0,0,14-03-24,06:40:59,"(-49.751424877543016, -101.66994240739187)",175.193.149.117
,145944.67,,24376,0,,222,46393.85,0,0,02-02-24,13:31:29,"(62.35368630917611, -145.4998456591603)",10.125.4.46
,7206.33,,24932,17725.67,,21308,18161.79,0,0,13-04-24,15:44:13,"(-70.324604932775, -11.215181962097432)",142.32.170.35
,5581.55,,530,0,,55058.57,0,0,0,04-01-24,04:10:44,"(-34.81594463480836, 110.99182061247399)",88.160.230.123
,5853.21,,5039,0,,20018,4891090.56,0,0,03-01-24,13:20:41,"(-64.78212490929513, -41.750488798890586)",161.45.157.215
,2528.1,,5037,2508.9,,0,0,0,0,01-07-24,16:49:15,"(20.980361701786975, -86.48250278047927)",216.62.123.192
,5655.17,,9522,3866.83,,0,0,0,0,02-02-24,21:35:14,"(-55.246266271933, 7.962253344981235)",117.106.180.136
,1456.09,,101018,99561.91,,0,0,0,0,23-08-24,13:22:06,"(-15.413586839968517, 57.90379130467687)",99.167.174.194
,4252.82,,5545,1292.18,,0,0,0,0,28-03-24,02:55:43,"(68.39185310639073, 79.10344483486443)",82.12.152.243
,276460.62,,595,0,,1105242.28,2107965.39,0,0,25-10-24,04:31:08,"(-64.90510531885043, 82.1161699979873)",92.154.106.64
,8811.67,,30848,22036.33,,0,0,0,0,24-08-24,16:37:18,"(-75.7665743796002, -102.68287003717022)",133.225.226.15
,12666.68,,891,0,,0,0,0,0,27-09-24,03:45:43,"(17.014817773097064, 159.4549070086356)",81.72.191.104
,95636.49,,0,0,,359141.7,1363368.51,0,0,01-11-24,18:42:04,"(2.3501713070508856, 1.182095066720393)",65.101.117.190
,195314.34,,0,0,,491226.48,1186556.81,0,0,30-09-24,04:37:58,"(-14.049475865884233, 41.39313307524279)",165.128.249.218
,6049.09,,1,0,,0,0,0,0,21-12-24,07:05:08,"(-44.92429326239027, -32.42589650131251)",167.1.21.247
,14306.8,,0,0,,0,0,0,0,21-11-24,17:33:18,"(29.199331700780718, -157.03572295798318)",59.9.7.154
,1117.34,,35611,34493.66,,0,0,0,0,04-01-24,07:16:00,"(60.63108196024473, -129.1000063809237)",54.195.71.111
,3179.7,,124703.85,121524.14,,20767,0,0,0,16-05-24,13:43:36,"(-43.35648966666847, -36.10732188211642)",202.17.104.67
,2880.68,,121524.14,118643.46,,0,0,0,0,28-11-24,23:42:00,"(-43.23622412901082, 35.334425577784316)",60.158.222.135
,3060.54,,118643.46,115582.92,,0,0,0,0,27-10-24,02:04:06,"(3.1885418690036857, 144.17064239525712)",64.98.15.141
,879.42,,115582.92,114703.5,,0,0,0,0,17-10-24,21:58:01,"(30.129673112319765, -172.90052188741976)",201.35.226.15
,3486.78,,114703.5,111216.72,,0,0,0,0,23-10-24,03:28:16,"(57.19985525368514, -33.44610239338189)",35.215.39.136
,21530.96,,111216.72,89685.77,,0,0,0,0,29-05-24,19:07:51,"(-26.241637493004653, 45.06661765448294)",165.221.158.106
,2426.31,,89685.77,87259.46,,0,0,0,0,19-12-24,16:29:25,"(8.631665016503575, -48.23889029865151)",71.103.215.110
,5110.1,,87259.46,82149.35,,0,0,0,0,13-08-24,16:59:59,"(-55.166662404648704, 11.385853671559602)",76.230.21.199
,207.75,,82149.35,81941.6,,0,0,0,0,03-08-24,14:42:29,"(40.900210250089486, 50.80056565051842)",34.200.242.158
,18437.04,,81941.6,63504.55,,0,0,0,0,21-08-24,01:20:29,"(81.86695447766542, -9.809798591915182)",167.87.150.172
,8690.69,,63504.55,54813.86,,0,0,0,0,02-07-24,03:03:42,"(80.28882710799587, 149.56246659828798)",207.172.163.17
,4946.03,,54813.86,49867.83,,0,0,0,0,15-03-24,07:48:21,"(-27.207506662230593, 7.489499717975633)",185.52.17.187
,5432.09,,49867.83,44435.75,,0,0,0,0,29-04-24,19:14:53,"(15.125164225643715, -131.2490985588855)",131.90.109.219
,7649.41,,44435.75,36786.34,,0,0,0,0,05-01-24,17:34:41,"(51.310086375837045, 45.00110423921356)",71.17.74.51
,3943.17,,36786.34,32843.16,,0,0,0,0,22-01-24,18:38:56,"(-76.10996126662477, -94.33396442179983)",199.238.152.100
,3101.33,,32843.16,29741.84,,0,0,0,0,21-02-24,01:20:40,"(-47.67193942590722, 121.16271233565317)",52.171.69.130
,51719.13,,882,0,,59670,15375.37,0,0,13-03-24,21:16:06,"(-57.45559499287403, 48.981101387816096)",98.76.69.193
,13465.91,,0,0,,0,0,0,0,16-09-24,16:32:14,"(-6.45880594960596, -92.64671618239578)",38.126.187.96
,19561.05,,0,0,,0,0,0,0,05-02-24,01:27:12,"(83.95624044510123, 79.48167473632554)",93.246.218.99
,9762.28,,129,0,,0,0,0,0,09-11-24,10:54:20,"(74.48160104025541, 174.56887967864145)",76.101.199.172
,9778.81,,18824,9045.19,,0,0,0,0,30-07-24,06:54:13,"(-13.27456506021754, -42.11305560186119)",17.3.235.64
,562903.81,,9045.19,0,,564519.9,1517262.16,0,0,16-01-24,12:32:36,"(55.94729441657472, -6.878482886780773)",168.238.28.223
,5055.94,,30295,25239.06,,0,0,0,0,26-04-24,19:27:05,"(24.86899955721259, -162.0130605394795)",215.100.186.74
,2858.89,,21820,18961.11,,0,0,0,0,23-06-24,08:48:24,"(69.76062147976765, 148.01897909919228)",160.110.59.224
,8531.42,,18961.11,10429.69,,0,0,0,0,23-03-24,13:58:59,"(-46.929977788521896, -55.9173447068291)",58.120.164.121
,84.22,,25828,25743.78,,0,0,0,0,10-01-24,23:39:44,"(-21.138989339952474, -104.70704720360685)",193.206.158.165
,227478.01,,25743.78,0,,16428780.87,19169204.93,0,0,11-05-24,17:33:49,"(-50.23554053387141, -168.50346989248254)",160.111.24.9
,5033.02,,23946.7,18913.68,,0,0,0,0,08-03-24,07:47:07,"(-82.2485035600322, -146.501010677691)",71.215.151.218
,100588.8,,18913.68,0,,105223,0,0,0,23-10-24,19:03:11,"(78.12420798108172, 83.34718141560342)",58.211.246.99
,9374.72,,21064,11689.28,,0,0,0,0,08-11-24,17:23:36,"(38.394957824542075, -106.4127739544931)",171.132.140.94
,598.24,,102631,102032.76,,0,0,0,0,04-11-24,12:48:02,"(76.83843778296188, -66.94985098917576)",51.73.35.186
,4531.55,,20125,15593.45,,0,0,0,0,26-02-24,17:08:29,"(9.893223360703075, -39.86047403458193)",50.118.24.207
,2998.2,,15593.45,12595.25,,0,0,0,0,24-08-24,13:18:49,"(50.43225421764913, 9.800220629561267)",22.33.125.177
,9269.99,,12595.25,3325.26,,0,0,0,0,02-04-24,09:44:04,"(52.463121899827314, 135.5256944167145)",38.191.214.214
,1209.64,,3325.26,2115.61,,0,0,0,0,23-09-24,07:54:45,"(28.024988248188293, -8.044237016916185)",198.120.194.161
,1298.7,,2115.61,816.91,,0,0,0,0,15-02-24,22:57:25,"(-84.96311730051323, -174.6141925865055)",117.38.53.75
,7797,,816.91,0,,0,0,0,0,27-12-24,19:18:08,"(-58.127483640953834, 102.54977493319421)",20.150.121.4
,5831.03,,0,0,,0,0,0,0,18-03-24,13:57:14,"(5.320776938376852, -134.54335035272842)",82.95.121.167
,7067.9,,0,0,,0,0,0,0,20-07-24,04:43:13,"(-30.43863778908979, 119.39564784298352)",107.196.137.140
,14895.51,,0,0,,0,0,0,0,16-01-24,08:38:54,"(54.23436118514829, -140.91537254424028)",144.243.155.47
,3316.21,,0,0,,0,0,0,0,24-07-24,22:03:43,"(-63.9863127499963, -40.52672686474361)",168.246.87.167
,22276,,0,0,,0,0,0,0,31-05-24,20:58:00,"(15.742780268552096, 138.4734778472133)",179.251.138.218
,16505.51,,0,0,,0,0,0,0,12-05-24,11:55:48,"(-44.95083368058508, -129.13611383801492)",33.31.213.103
,636.95,,0,0,,0,0,0,0,04-09-24,08:36:43,"(38.74257140565453, 141.79996106440393)",198.8.13.7
,2056.59,,0,0,,0,0,0,0,03-12-24,23:26:12,"(-60.68420112511527, -80.81312646597102)",113.179.148.18
,704.74,,0,0,,0,0,0,0,25-08-24,11:11:55,"(54.46326577863931, 92.80505681669052)",103.145.228.33
,3222.32,,0,0,,0,0,0,0,29-05-24,22:55:39,"(40.67790291188692, -172.92708337843095)",68.178.109.157
,11889.61,,0,0,,0,0,0,0,23-02-24,08:21:46,"(80.8313480755138, -148.37985156311223)",128.3.180.51
,9491.89,,0,0,,0,0,0,0,08-02-24,00:14:07,"(-12.093728248791194, 117.69971920598834)",91.238.13.159
,6131.21,,0,0,,0,0,0,0,15-05-24,06:58:46,"(-75.09502637028261, -62.92728485138417)",3.205.173.203
,11938.61,,0,0,,0,0,0,0,24-07-24,00:18:55,"(-83.58887076790114, 4.659567586621137)",174.109.16.1
,4233.45,,0,0,,0,0,0,0,09-05-24,01:35:56,"(2.3547270910131743, -95.09381494929632)",97.199.16.87
,32643.79,,0,0,,0,0,0,0,01-08-24,19:48:31,"(32.413879845698375, -72.98602276137491)",142.204.122.136
,622.15,,14112.8,13490.65,,0,0,0,0,23-08-24,23:55:41,"(-51.84085210237155, -16.66890746629099)",65.197.64.85
,4573.12,,13490.65,8917.54,,0,0,0,0,01-07-24,08:51:45,"(-25.148437814830345, 141.78188483194475)",33.198.128.55
,6057.8,,6996.1,938.3,,0,0,0,0,26-12-24,10:29:34,"(4.92286648003639, -176.24318552636728)",98.131.248.68
,5770.32,,938.3,0,,0,0,0,0,17-07-24,01:37:38,"(-2.4753510109631094, -84.69305453515987)",50.52.11.79
,9152.97,,0,0,,0,0,0,0,09-07-24,12:11:38,"(-63.90775897448029, -45.45531689412351)",83.103.159.241
,12154.7,,39699,27544.3,,2051287.58,3940085.21,0,0,06-03-24,18:54:48,"(59.09153556463485, 96.52946744283514)",19.234.172.230
,8378.01,,80899.44,72521.43,,0,0,0,0,26-01-24,17:28:38,"(22.597716754247088, -134.8706310706436)",161.203.33.133
,9616.45,,72521.43,62904.98,,0,0,0,0,11-01-24,01:21:40,"(1.9067972805512596, 4.071755744202164)",23.12.164.178
,2231.28,,12998,10766.72,,0,0,0,0,23-11-24,04:54:54,"(17.01427068201393, 97.56099074520671)",105.234.7.185
,4932.54,,136555,131622.46,,0,0,0,0,04-09-24,00:32:28,"(74.70708867160073, -133.35107860708285)",56.223.117.142
,65413.89,,131622.46,197036.35,,144605,0,0,0,02-03-24,18:56:22,"(-80.00181883298504, 20.62778332821705)",184.97.203.172
,98560.08,,197036.35,295596.43,,167719.89,63112.23,0,0,14-03-24,10:54:01,"(41.82998874693044, 161.491726419545)",196.254.188.227
,15054.61,,295596.43,310651.04,,33340,185389.8,0,0,25-06-24,20:37:12,"(-35.76368650811485, -59.791092396289315)",219.163.7.43
,161632.16,,310651.04,472283.2,,1044238.89,971418.91,0,0,01-05-24,15:26:39,"(60.16443460752595, -165.73668204094204)",17.252.159.36
,47529.19,,472283.2,519812.39,,856049.65,16518.36,0,0,28-11-24,03:58:01,"(38.642781063013075, 8.302167400201256)",57.37.233.114
,9577.45,,519812.39,529389.85,,32204,22774.25,0,0,28-04-24,20:20:30,"(-73.16664380218755, 175.464377161818)",93.82.89.52
,414238.59,,529389.85,943628.44,,808520.46,16518.36,0,0,25-07-24,22:59:03,"(-52.25823688969111, 39.11090083492843)",37.187.245.177
,89327.65,,943628.44,1032956.09,,2063442.28,3940085.21,0,0,12-11-24,23:58:27,"(9.104815705151694, 138.15088837184248)",131.187.214.249
,194900.16,,1032956.09,1227856.25,,8633995.76,12494367.15,0,0,26-05-24,00:43:46,"(-50.6188064334717, -19.785347757610737)",13.240.248.75
,24470.43,,1227856.25,1252326.68,,1381702.9,2107965.39,0,0,22-12-24,17:29:06,"(-73.84677494499121, -33.41471307605664)",109.167.67.247
,217668.38,,1252326.68,1469995.06,,347373.26,49864.36,0,0,16-08-24,16:42:42,"(-40.87047651689446, -19.885555151509408)",186.49.223.229
,9067.51,,1469995.06,1479062.57,,306723.02,23508.22,0,0,20-10-24,05:22:46,"(56.164558004084284, 47.828913658400666)",112.106.133.189
,336827.91,,1479062.57,1815890.48,,401493.73,51513.44,0,0,23-11-24,17:40:10,"(49.6538030193384, -160.15773037551654)",116.8.29.133
,45317.95,,1815890.48,1861208.43,,99578.86,0,0,0,10-05-24,04:34:19,"(67.78595763169582, 118.95842076627338)",152.167.142.75
,230021.01,,1861208.43,2091229.45,,4777230.82,22190.99,0,0,07-01-24,08:48:20,"(77.45923887884109, -36.01164949870102)",104.122.119.221
,154578.28,,2091229.45,2245807.73,,1033003.86,1254956.07,0,0,15-05-24,05:55:34,"(-26.26991939876187, -160.47061249277326)",95.200.120.180
,314134.01,,2245807.73,2559941.74,,570802.41,2415.16,0,0,08-09-24,22:58:04,"(38.5531464458372, -12.734723996837943)",218.144.84.116
,206405.92,,2559941.74,2766347.65,,1221423.7,3461666.05,0,0,07-06-24,07:38:37,"(15.882515552872803, 125.41356539906195)",133.167.189.153
,158995.29,,2766347.65,2925342.94,,8674805.32,10681238.79,0,0,08-10-24,08:55:52,"(80.75266730423274, -166.11919837020366)",193.184.75.170
,188238.54,,2925342.94,3113581.47,,702449.21,0,0,0,14-03-24,11:57:53,"(52.23335790155838, 82.90407783731189)",19.62.130.200
,21255.8,,3113581.47,3134837.27,,52109,0,0,0,26-09-24,00:06:51,"(-31.084685738291732, 8.911602200397681)",49.42.195.72
,205955.77,,3134837.27,3340793.04,,465695.91,97263.78,0,0,15-07-24,23:32:53,"(23.232626695755783, 133.41245389520003)",80.165.74.212
,178370.36,,3340793.04,3519163.4,,16656258.88,19169204.93,0,0,07-08-24,06:06:41,"(-54.04859458781269, 167.30527457672838)",143.176.43.13
,42547.96,,3519163.4,3561711.36,,59693,9672.67,0,0,17-01-24,08:45:39,"(1.8824273341577538, -133.05094265627892)",28.65.218.147
,15152.15,,3561711.36,3576863.51,,8439095.6,12494367.15,0,0,12-02-24,14:34:09,"(61.53930941501838, 97.9382790917457)",37.133.248.48
,39249.67,,3576863.51,3616113.18,,64966.23,0,0,0,12-06-24,08:07:26,"(-11.561857373085289, -158.61602220171957)",156.74.84.178
,101669.17,,3616113.18,3717782.35,,533625.81,2025098.66,0,0,21-09-24,03:28:07,"(38.76198321672672, -52.12878743472852)",50.133.222.131
,81694.11,,3717782.35,3799476.47,,686540.82,1186556.81,0,0,20-07-24,05:01:21,"(28.91057979013901, 163.6407318002294)",51.170.75.35
,10266.7,,3799476.47,3809743.17,,104323,69756.86,0,0,21-01-24,16:57:35,"(-30.374072160067783, -39.691990707126166)",188.48.234.12
,35502.25,,3809743.17,3845245.42,,41159,0,0,0,21-04-24,07:35:33,"(56.81020091938706, -64.1212178210516)",219.179.152.126
,183250,,3845245.42,4028495.42,,231999.55,46820.71,0,0,04-09-24,23:09:40,"(-32.235319645176794, 143.53679570856917)",176.53.146.59
,219220.21,,4028495.42,4247715.63,,1974114.63,3940085.21,0,0,11-11-24,13:25:57,"(20.978350484158298, -104.50958444481995)",89.118.224.120
,254895.5,,4247715.63,4502611.13,,256668.41,2415.16,0,0,16-03-24,01:39:08,"(-79.52421932166396, 86.27319392094944)",175.162.64.209
,143148.97,,4502611.13,4645760.1,,4547209.8,22190.99,0,0,03-03-24,17:37:22,"(-27.430573293700135, -154.38776439536971)",74.102.194.158
,132457.52,,4645760.1,4778217.62,,8423943.45,12494367.15,0,0,22-02-24,05:48:02,"(-56.850799595604, 59.79998411091003)",44.90.53.172
,148834.28,,4778217.62,4927051.9,,514210.68,0,0,0,27-10-24,04:04:30,"(-65.69122562211314, 82.3384151978168)",27.90.140.163
,106727.81,,4927051.9,5033779.71,,2730834.27,5515763.34,0,0,29-05-24,14:32:02,"(38.125374422840764, -173.58269365121723)",37.202.210.152
,223123.71,,5033779.71,5256903.42,,394281.87,16518.36,0,0,06-06-24,11:18:53,"(30.181289547780196, -179.13791855844428)",55.161.66.183
,194311.34,,5256903.42,5451214.77,,1127423.71,1517262.16,0,0,02-01-24,13:19:15,"(-72.73034339774689, 13.068104186909977)",212.242.141.49
,338964.91,,5451214.77,5790179.68,,365376.39,0,0,0,05-06-24,08:54:29,"(37.924003980619986, -66.02400991556098)",10.199.185.138
,247575.4,,5790179.68,6037755.07,,8291485.93,12494367.15,0,0,17-07-24,08:59:58,"(59.9658700919895, 116.0829382280287)",165.242.235.64
,29467.02,,6037755.07,6067222.09,,322442.98,277515.05,0,0,18-09-24,12:56:38,"(-2.9146873359101875, 121.13662258382561)",91.79.22.201
,90340.16,,6067222.09,6157562.25,,16477888.52,19169204.93,0,0,19-05-24,11:00:31,"(56.89433928110924, -52.765074482922614)",120.2.232.153
,198847.32,,6157562.25,6356409.58,,964679.26,1412484.09,0,0,31-08-24,10:41:36,"(-20.127762765454833, -62.72271604040033)",184.168.217.170
,155075.41,,6356409.58,6511484.99,,1035098.36,0,0,0,10-07-24,12:33:16,"(-72.46214593848573, -141.4758008650548)",198.199.61.34
,76932.89,,6511484.99,6588417.88,,765831.94,1412484.09,0,0,08-02-24,01:48:56,"(19.427980387775875, -111.86697689232123)",220.170.142.21
,92971.79,,6588417.88,6681389.66,,111367.94,0,0,0,07-06-24,03:08:47,"(65.88981862144055, 20.682980336124757)",83.169.153.60
,7322.98,,6681389.66,6688712.64,,64966,57643.02,0,0,30-12-24,02:25:22,"(-27.683311436792977, 162.57833795239065)",211.57.63.192
,222126.95,,6688712.64,6910839.59,,1397610.6,2107778.11,0,0,07-04-24,19:59:50,"(26.951063588383903, 100.58337769596852)",87.210.211.9
,62983.91,,6910839.59,6973823.5,,454778.18,1363368.51,0,0,07-06-24,11:33:57,"(36.486560397315486, -63.64915440819925)",189.199.71.220
,1271.77,,6973823.5,6975095.27,,697456.73,2719172.89,0,0,20-09-24,07:15:24,"(32.62431324720181, 119.79176144389083)",166.38.248.245
,246816.65,,6975095.27,7221911.92,,933112.37,1517262.16,0,0,05-12-24,15:02:43,"(-69.35386793427818, -129.84144379089605)",123.166.253.95
,21898.97,,7221911.92,7243810.89,,1114670.7,1567434.81,0,0,17-01-24,10:18:57,"(23.755271958231816, 43.953363937806785)",3.230.187.104
,30811.56,,7243810.89,7274622.45,,152178,651524.92,0,0,19-03-24,11:37:48,"(-5.36980450165656, 161.06771449455698)",182.224.67.82
,100275.09,,7274622.45,7374897.54,,878425.58,1254956.07,0,0,07-10-24,15:45:39,"(78.75943941158926, -135.18640336831368)",11.139.116.117
,46630.53,,7374897.54,7421528.07,,604846.71,1186556.81,0,0,13-10-24,23:20:42,"(-17.718122204654605, -49.79446589786335)",150.236.197.64
,158775.58,,7421528.07,7580303.64,,688899.05,1412484.09,0,0,05-04-24,13:26:56,"(-74.45693302916138, -77.47020766099868)",30.38.52.56
,90556.08,,7580303.64,7670859.72,,186372.86,8496.61,0,0,24-04-24,13:30:53,"(-76.02080547568755, -123.52504659712943)",17.173.0.41
,173948.89,,7670859.72,7844808.61,,391794.27,1363368.51,0,0,10-08-24,05:36:24,"(22.312537786779743, 103.19262301112212)",193.68.145.140
,66216.71,,7844808.61,7911025.32,,117785.88,9940339.29,0,0,18-12-24,11:33:44,"(41.06762580778724, -2.0875342294263532)",124.113.4.177
,216133.99,,7911025.32,8127159.31,,1092771.73,1567434.81,0,0,08-03-24,09:32:40,"(-80.35796306602367, -99.71528379505487)",38.24.189.173
,371883.82,,8127159.31,8499043.13,,880022.94,0,0,0,29-05-24,22:44:22,"(80.28712443169323, 102.7389798081731)",221.153.152.12
,770537.37,,8499043.13,8499043.13,,8499043.13,16874643.09,0,0,01-06-24,07:42:07,"(-43.321612976567856, -60.912186211707294)",120.65.188.158
,71275.47,,8499043.13,8570318.6,,136084.66,43691.09,0,0,20-06-24,07:49:59,"(-49.88692550023574, -155.10529327224438)",109.26.223.127
,336298.77,,8570318.6,8906617.38,,1049811.54,4619798.56,0,0,15-04-24,03:40:09,"(54.37093910599614, -136.75049818299783)",201.120.219.6
,317393.38,,8906617.38,9224010.75,,1175483.65,2107778.11,0,0,06-05-24,03:44:47,"(50.06560391083542, -91.57441626743257)",93.73.83.92
,181002.01,,9224010.75,9405012.76,,292975.96,277515.05,0,0,04-02-24,19:12:23,"(-54.37647700139244, -170.87986932671208)",174.80.10.80
,311449.38,,9405012.76,9716462.14,,713512.77,4619798.56,0,0,14-12-24,12:02:43,"(16.048266199084267, 68.48519014732642)",200.81.89.54
,270824.42,,9716462.14,9987286.56,,8515810.04,10681238.79,0,0,27-09-24,06:34:01,"(-26.78887469518368, 107.67314169710727)",209.82.39.8
,1449.03,,80983,79533.97,,0,0,0,0,06-10-24,14:53:49,"(67.22070224265511, 13.6899056312499)",128.27.179.103
,3551.48,,1015017.79,1011466.31,,0,0,0,0,03-02-24,09:07:05,"(-33.576887278858564, 83.93851179689511)",36.83.210.49
,227768.63,,1011466.31,783697.68,,530123.48,1412484.09,0,0,04-02-24,01:21:49,"(-31.15775326059164, 130.30476491592287)",221.110.23.64
,172986.7,,783697.68,610710.98,,686295.71,1517262.16,0,0,26-06-24,01:40:21,"(-25.4102783264004, -133.5386836006963)",66.115.46.204
,4940.2,,48005,43064.8,,0,0,0,0,26-08-24,17:18:45,"(85.17289781577338, -107.55697930999388)",189.206.96.70
,2755.96,,20987,18231.04,,0,0,0,0,25-10-24,07:33:15,"(-37.72747201597762, -49.680452848151475)",31.142.243.194
,8807.01,,139428,130620.99,,64809.18,43691.09,0,0,22-09-24,10:30:18,"(74.9432693863688, 177.35203995916032)",39.154.114.53
,3111.86,,64665.82,61553.96,,10070.22,0,0,0,25-08-24,20:56:08,"(-49.991040684921714, -138.6074877237188)",96.178.109.216
,10040.52,,61553.96,51513.44,,0,0,0,0,06-03-24,18:31:13,"(20.824166310048767, 152.64096632859582)",91.68.246.61
,5363,,21260,15897,,24765.26,18910.85,0,0,24-11-24,23:00:05,"(54.494164877456825, 73.05386132066457)",183.101.73.0
,11990.19,,885,0,,0,0,0,0,26-03-24,20:47:26,"(-11.478216247274602, -71.1512611742417)",14.204.126.98
,266.88,,4182,3915.12,,0,0,0,0,30-04-24,00:14:00,"(-11.590084998897112, -78.81365994084854)",39.228.56.208
,1928.55,,5096,3167.45,,0,0,0,0,10-07-24,19:49:12,"(-47.442219654916705, -14.81722899807454)",66.133.7.32
,10648.06,,37419,26770.94,,0,0,0,0,22-03-24,11:14:37,"(-79.72790912067778, -14.835070986351695)",10.55.60.100
,962.43,,26770.94,25808.5,,0,0,0,0,11-02-24,14:52:45,"(52.34508691415948, 116.89108002782228)",99.229.27.71
,8348.1,,16583,8234.9,,0,0,0,0,22-10-24,07:34:41,"(-24.591836869832605, -122.7933677394831)",155.176.16.173
,6969.67,,61091,54121.33,,0,0,0,0,18-10-24,21:13:07,"(-3.2010729017703454, -135.5182300848098)",88.48.187.34
,20128,,20128,0,,0,0,1,0,09-12-24,07:39:42,"(-77.13692254258366, -73.98637515780666)",30.169.151.144
,20128,,20128,0,,6268,12145.85,1,0,04-07-24,04:31:03,"(-51.29949363025689, -82.15511954123835)",167.69.172.31
,154.87,,9339,9184.13,,0,0,0,0,25-03-24,10:38:38,"(7.325896050352242, -140.4274846193665)",134.149.200.36
,4040.84,,1938,0,,51339,36757.68,0,0,01-05-24,18:58:28,"(38.0886582784494, 161.63199594198124)",74.225.80.60
,6490.17,,548504,542013.83,,0,0,0,0,31-08-24,10:10:05,"(36.53879256536911, 131.3009312614859)",114.160.37.171
,1101.09,,30858,29756.91,,0,0,0,0,19-10-24,03:19:57,"(-19.737310402972724, -101.59873982047895)",192.213.55.102
,4347.78,,20766,16418.22,,407959.76,55974.56,0,0,19-06-24,05:58:57,"(85.81582478456946, 49.0074816371758)",9.239.242.64
,213922.13,,16418.22,0,,431956.63,2025098.66,0,0,11-05-24,09:50:28,"(-59.828412408674055, -75.04753440392535)",212.242.194.25
,83859.59,,0,0,,16387548.36,19169204.93,0,0,15-12-24,00:22:51,"(27.491565057032844, 26.662028034389266)",160.108.90.90
,33269.25,,0,0,,111389.13,15375.37,0,0,23-06-24,08:42:48,"(45.21153728573256, 57.27563484532672)",85.250.119.227
,51749.94,,0,0,,62470,132842.64,0,0,27-12-24,00:20:49,"(21.65130182847723, 14.700633711565416)",148.29.27.88
,86410.3,,0,0,,757892.11,1412484.09,0,0,18-05-24,04:04:56,"(49.06581779471546, -160.9451037789715)",82.236.225.227
,10856.63,,0,0,,217845.38,1363368.51,0,0,29-06-24,05:57:47,"(-77.77157918307572, -17.84747018211914)",7.64.237.74
,161613.93,,0,0,,402063.39,4619798.56,0,0,04-09-24,11:23:38,"(58.36145789486358, 55.054949157747984)",57.231.58.168
,244361.81,,0,0,,859282.41,1517262.16,0,0,21-08-24,15:09:04,"(27.909566407736932, -105.1962856975333)",66.13.199.9
,596617.87,,0,0,,645878.76,2025098.66,0,0,07-03-24,03:45:40,"(-9.55439191509656, -11.071103051525085)",33.48.89.49
,108600.78,,0,0,,146488.24,97128.19,0,0,08-04-24,22:33:41,"(-26.085541765486, 26.01724408946353)",179.253.119.30
,1193410.46,,0,0,,16471407.95,19169204.93,0,0,12-09-24,14:07:53,"(89.28288204326597, 42.75161437118118)",40.30.14.32
,348186.2,,0,0,,774212.55,3554299.27,0,0,28-07-24,09:37:02,"(64.72312602796424, 157.15578769166814)",85.227.208.205
